{"frameRate":24,"armature":[{"animation":[{"ik":[],"frame":[],"bone":[{"translateFrame":[{"duration":28,"tweenEasing":0},{"duration":0}],"scaleFrame":[{"duration":28,"tweenEasing":0},{"duration":0}],"rotateFrame":[{"duration":28,"tweenEasing":0},{"duration":0}],"name":"root"},{"translateFrame":[{"duration":6,"tweenEasing":0},{"duration":6,"tweenEasing":0},{"duration":4,"tweenEasing":0},{"duration":3,"tweenEasing":0},{"duration":5,"tweenEasing":0},{"duration":4,"tweenEasing":0},{"duration":0}],"scaleFrame":[{"duration":28,"tweenEasing":0},{"duration":0}],"rotateFrame":[{"duration":6,"tweenEasing":0},{"duration":6,"tweenEasing":0,"rotate":9.2677},{"duration":4,"tweenEasing":0,"rotate":-9.6827},{"duration":3,"tweenEasing":0,"rotate":-15.4792},{"duration":5,"tweenEasing":0,"rotate":-15.4789},{"duration":4,"tweenEasing":0,"rotate":9.2677},{"duration":0}],"name":"Lower_body"},{"translateFrame":[{"duration":28,"tweenEasing":0},{"duration":0}],"scaleFrame":[{"duration":28,"tweenEasing":0},{"duration":0}],"rotateFrame":[{"duration":6,"tweenEasing":0},{"duration":6,"tweenEasing":0,"rotate":-3.3966},{"duration":4,"tweenEasing":0,"rotate":-46.4036},{"duration":3,"tweenEasing":0,"rotate":-14.7694},{"duration":5,"tweenEasing":0,"rotate":-14.7694},{"duration":4,"tweenEasing":0,"rotate":-3.3966},{"duration":0}],"name":"B_hand"},{"translateFrame":[{"duration":28,"tweenEasing":0},{"duration":0}],"scaleFrame":[{"duration":28,"tweenEasing":0},{"duration":0}],"rotateFrame":[{"duration":6,"tweenEasing":0},{"duration":6,"tweenEasing":0,"rotate":-0.8602},{"duration":4,"tweenEasing":0,"rotate":-60.2434},{"duration":3,"tweenEasing":0,"rotate":38.3443},{"duration":5,"tweenEasing":0,"rotate":38.3443},{"duration":4,"tweenEasing":0,"rotate":-0.8602},{"duration":0}],"name":"B_Leg"},{"translateFrame":[{"duration":28,"tweenEasing":0},{"duration":0}],"scaleFrame":[{"duration":28,"tweenEasing":0},{"duration":0}],"rotateFrame":[{"duration":6,"tweenEasing":0},{"duration":6,"tweenEasing":0,"rotate":2.4676},{"duration":7,"tweenEasing":0,"rotate":-65.7777},{"duration":5,"tweenEasing":0,"rotate":-15.7636},{"duration":4,"tweenEasing":0,"rotate":2.4676},{"duration":0}],"name":"Tail"},{"translateFrame":[{"duration":28,"tweenEasing":0},{"duration":0}],"scaleFrame":[{"duration":28,"tweenEasing":0},{"duration":0}],"rotateFrame":[{"duration":28,"tweenEasing":0},{"duration":0}],"name":"Lower_body1"},{"translateFrame":[{"duration":28,"tweenEasing":0},{"duration":0}],"scaleFrame":[{"duration":28,"tweenEasing":0},{"duration":0}],"rotateFrame":[{"duration":6,"tweenEasing":0},{"duration":18,"tweenEasing":0,"rotate":5.5974},{"duration":4,"tweenEasing":0,"rotate":5.5974},{"duration":0}],"name":"Spike"},{"translateFrame":[{"duration":28,"tweenEasing":0},{"duration":0}],"scaleFrame":[{"duration":28,"tweenEasing":0},{"duration":0}],"rotateFrame":[{"duration":28,"tweenEasing":0},{"duration":0}],"name":"Spike2"},{"translateFrame":[{"duration":28,"tweenEasing":0},{"duration":0}],"scaleFrame":[{"duration":28,"tweenEasing":0},{"duration":0}],"rotateFrame":[{"duration":6,"tweenEasing":0},{"duration":6,"tweenEasing":0,"rotate":-15.1888},{"duration":12,"tweenEasing":0,"rotate":-1.462},{"duration":4,"tweenEasing":0,"rotate":-15.1888},{"duration":0}],"name":"Upper_Body"},{"translateFrame":[{"duration":28,"tweenEasing":0},{"duration":0}],"scaleFrame":[{"duration":28,"tweenEasing":0},{"duration":0}],"rotateFrame":[{"duration":6,"tweenEasing":0},{"duration":10,"tweenEasing":0,"rotate":11.8566},{"duration":3,"tweenEasing":0,"rotate":46.9221},{"duration":5,"tweenEasing":0,"rotate":46.9221},{"duration":4,"tweenEasing":0,"rotate":11.8566},{"duration":0}],"name":"B_hand1"},{"translateFrame":[{"duration":28,"tweenEasing":0},{"duration":0}],"scaleFrame":[{"duration":28,"tweenEasing":0},{"duration":0}],"rotateFrame":[{"duration":6,"tweenEasing":0},{"duration":18,"tweenEasing":0,"rotate":19.5248},{"duration":4,"tweenEasing":0,"rotate":19.5248},{"duration":0}],"name":"B_Leg1"},{"translateFrame":[{"duration":28,"tweenEasing":0},{"duration":0}],"scaleFrame":[{"duration":28,"tweenEasing":0},{"duration":0}],"rotateFrame":[{"duration":6,"tweenEasing":0},{"duration":6,"tweenEasing":0,"rotate":13.0904},{"duration":7,"tweenEasing":0,"rotate":-24.5909},{"duration":5,"tweenEasing":0,"rotate":25.5486},{"duration":4,"tweenEasing":0,"rotate":13.0904},{"duration":0}],"name":"Tail1"},{"translateFrame":[{"duration":28,"tweenEasing":0},{"duration":0}],"scaleFrame":[{"duration":28,"tweenEasing":0},{"duration":0}],"rotateFrame":[{"duration":6,"tweenEasing":0},{"duration":6,"tweenEasing":0,"rotate":25.991},{"duration":4,"tweenEasing":0,"rotate":8.0944},{"duration":3,"tweenEasing":0,"rotate":-5.0237},{"duration":5,"tweenEasing":0,"rotate":-5.0237},{"duration":4,"tweenEasing":0,"rotate":25.991},{"duration":0}],"name":"F_Wing"},{"translateFrame":[{"duration":28,"tweenEasing":0},{"duration":0}],"scaleFrame":[{"duration":28,"tweenEasing":0},{"duration":0}],"rotateFrame":[{"duration":28,"tweenEasing":0},{"duration":0}],"name":"Spike1"},{"translateFrame":[{"duration":28,"tweenEasing":0},{"duration":0}],"scaleFrame":[{"duration":28,"tweenEasing":0},{"duration":0}],"rotateFrame":[{"duration":12,"tweenEasing":0},{"duration":16,"tweenEasing":0,"rotate":14.0625},{"duration":0}],"name":"Upper_Body1"},{"translateFrame":[{"duration":28,"tweenEasing":0},{"duration":0}],"scaleFrame":[{"duration":28,"tweenEasing":0},{"duration":0}],"rotateFrame":[{"duration":28,"tweenEasing":0},{"duration":0}],"name":"Back_Ear"},{"translateFrame":[{"duration":28,"tweenEasing":0},{"duration":0}],"scaleFrame":[{"duration":28,"tweenEasing":0},{"duration":0}],"rotateFrame":[{"duration":28,"tweenEasing":0},{"duration":0}],"name":"F_Ear"},{"translateFrame":[{"duration":28,"tweenEasing":0},{"duration":0}],"scaleFrame":[{"duration":28,"tweenEasing":0},{"duration":0}],"rotateFrame":[{"duration":6,"tweenEasing":0},{"duration":6,"tweenEasing":0,"rotate":16.1245},{"duration":7,"tweenEasing":0,"rotate":-17.9103},{"duration":5,"tweenEasing":0,"rotate":17.8697},{"duration":4,"tweenEasing":0,"rotate":16.1245},{"duration":0}],"name":"Tail2"},{"translateFrame":[{"duration":28,"tweenEasing":0},{"duration":0}],"scaleFrame":[{"duration":28,"tweenEasing":0},{"duration":0}],"rotateFrame":[{"duration":6,"tweenEasing":0},{"duration":6,"tweenEasing":0,"rotate":-10.1176},{"duration":4,"tweenEasing":0,"rotate":12.3747},{"duration":3,"tweenEasing":0,"rotate":14.4793},{"duration":5,"tweenEasing":0,"rotate":14.4793},{"duration":4,"tweenEasing":0,"rotate":-10.1176},{"duration":0}],"name":"B_Wing"},{"translateFrame":[{"duration":6,"tweenEasing":0},{"duration":18,"y":-6.665,"tweenEasing":0,"x":-11.0081},{"duration":4,"y":-6.665,"tweenEasing":0,"x":-11.0081},{"duration":0}],"scaleFrame":[{"duration":28,"tweenEasing":0},{"duration":0}],"rotateFrame":[{"duration":28,"tweenEasing":0},{"duration":0}],"name":"F_eye"},{"translateFrame":[{"duration":6,"tweenEasing":0},{"duration":18,"y":-21.2318,"tweenEasing":0,"x":-10.186},{"duration":4,"y":-21.2318,"tweenEasing":0,"x":-10.186},{"duration":0}],"scaleFrame":[{"duration":28,"tweenEasing":0},{"duration":0}],"rotateFrame":[{"duration":28,"tweenEasing":0},{"duration":0}],"name":"B_Eye"},{"translateFrame":[{"duration":28,"tweenEasing":0},{"duration":0}],"scaleFrame":[{"duration":28,"tweenEasing":0},{"duration":0}],"rotateFrame":[{"duration":6,"tweenEasing":0},{"duration":6,"tweenEasing":0,"rotate":-18.1745},{"duration":4,"tweenEasing":0,"rotate":-47.2108},{"duration":3,"tweenEasing":0,"rotate":-66.629},{"duration":5,"tweenEasing":0,"rotate":-50.0362},{"duration":4,"tweenEasing":0,"rotate":-18.1745},{"duration":0}],"name":"Jaw"},{"translateFrame":[{"duration":28,"tweenEasing":0},{"duration":0}],"scaleFrame":[{"duration":28,"tweenEasing":0},{"duration":0}],"rotateFrame":[{"duration":6,"tweenEasing":0},{"duration":6,"tweenEasing":0,"rotate":15.1034},{"duration":4,"tweenEasing":0,"rotate":-25.4838},{"duration":3,"tweenEasing":0,"rotate":-39.5818},{"duration":5,"tweenEasing":0,"rotate":-39.5818},{"duration":4,"tweenEasing":0,"rotate":15.1034},{"duration":0}],"name":"F_Wing1"},{"translateFrame":[{"duration":16,"tweenEasing":0},{"duration":3,"y":-54.0305,"tweenEasing":0,"x":45.1417},{"duration":9,"y":-54.0305,"tweenEasing":0,"x":45.1417},{"duration":0}],"scaleFrame":[{"duration":28,"tweenEasing":0},{"duration":0}],"rotateFrame":[{"duration":6,"tweenEasing":0},{"duration":6,"tweenEasing":0,"rotate":-17.1195},{"duration":4,"tweenEasing":0,"rotate":5.6532},{"duration":3,"tweenEasing":0,"rotate":16.2856},{"duration":5,"tweenEasing":0,"rotate":16.2856},{"duration":4,"tweenEasing":0,"rotate":-17.1195},{"duration":0}],"name":"F_HAND"},{"translateFrame":[{"duration":28,"tweenEasing":0},{"duration":0}],"scaleFrame":[{"duration":28,"tweenEasing":0},{"duration":0}],"rotateFrame":[{"duration":6,"tweenEasing":0},{"duration":10,"tweenEasing":0,"rotate":-23.3713},{"duration":3,"tweenEasing":0,"rotate":57.1208},{"duration":5,"tweenEasing":0,"rotate":57.1208},{"duration":4,"tweenEasing":0,"rotate":-23.3713},{"duration":0}],"name":"Back_Hand"},{"translateFrame":[{"duration":28,"tweenEasing":0},{"duration":0}],"scaleFrame":[{"duration":28,"tweenEasing":0},{"duration":0}],"rotateFrame":[{"duration":6,"tweenEasing":0},{"duration":6,"tweenEasing":0,"rotate":-21.6386},{"duration":12,"tweenEasing":0,"rotate":-57.8661},{"duration":4,"tweenEasing":0,"rotate":-21.6386},{"duration":0}],"name":"B_hand2"},{"translateFrame":[{"duration":28,"tweenEasing":0},{"duration":0}],"scaleFrame":[{"duration":28,"tweenEasing":0},{"duration":0}],"rotateFrame":[{"duration":6,"tweenEasing":0},{"duration":6,"tweenEasing":0,"rotate":-26.2062},{"duration":12,"tweenEasing":0,"rotate":-57.7895},{"duration":4,"tweenEasing":0,"rotate":-26.2062},{"duration":0}],"name":"B_Leg2"},{"translateFrame":[{"duration":28,"tweenEasing":0},{"duration":0}],"scaleFrame":[{"duration":28,"tweenEasing":0},{"duration":0}],"rotateFrame":[{"duration":28,"tweenEasing":0},{"duration":0}],"name":"Upper_Body2"},{"translateFrame":[{"duration":28,"tweenEasing":0},{"duration":0}],"scaleFrame":[{"duration":28,"tweenEasing":0},{"duration":0}],"rotateFrame":[{"duration":28,"tweenEasing":0},{"duration":0}],"name":"B_Wing3"},{"translateFrame":[{"duration":28,"tweenEasing":0},{"duration":0}],"scaleFrame":[{"duration":28,"tweenEasing":0},{"duration":0}],"rotateFrame":[{"duration":6,"tweenEasing":0},{"duration":6,"tweenEasing":0,"rotate":6.2703},{"duration":7,"tweenEasing":0,"rotate":-28.4516},{"duration":5,"tweenEasing":0,"rotate":-3.8123},{"duration":4,"tweenEasing":0,"rotate":6.2703},{"duration":0}],"name":"Tail3"},{"translateFrame":[{"duration":28,"tweenEasing":0},{"duration":0}],"scaleFrame":[{"duration":28,"tweenEasing":0},{"duration":0}],"rotateFrame":[{"duration":6,"tweenEasing":0},{"duration":18,"tweenEasing":0,"rotate":23.9618},{"duration":4,"tweenEasing":0,"rotate":23.9618},{"duration":0}],"name":"Back_Ear1"},{"translateFrame":[{"duration":28,"tweenEasing":0},{"duration":0}],"scaleFrame":[{"duration":28,"tweenEasing":0},{"duration":0}],"rotateFrame":[{"duration":6,"tweenEasing":0},{"duration":6,"tweenEasing":0,"rotate":-26.587},{"duration":4,"tweenEasing":0,"rotate":25.3977},{"duration":3,"tweenEasing":0,"rotate":44.6352},{"duration":5,"tweenEasing":0,"rotate":44.6352},{"duration":4,"tweenEasing":0,"rotate":-26.587},{"duration":0}],"name":"B_Wing1"},{"translateFrame":[{"duration":28,"tweenEasing":0},{"duration":0}],"scaleFrame":[{"duration":28,"tweenEasing":0},{"duration":0}],"rotateFrame":[{"duration":6,"tweenEasing":0},{"duration":18,"tweenEasing":0,"rotate":-6.4673},{"duration":4,"tweenEasing":0,"rotate":-6.4673},{"duration":0}],"name":"F_Wing2"},{"translateFrame":[{"duration":28,"tweenEasing":0},{"duration":0}],"scaleFrame":[{"duration":28,"tweenEasing":0},{"duration":0}],"rotateFrame":[{"duration":16,"tweenEasing":0},{"duration":3,"tweenEasing":0,"rotate":57.9929},{"duration":9,"tweenEasing":0,"rotate":57.9929},{"duration":0}],"name":"Back_Hand1"},{"translateFrame":[{"duration":28,"tweenEasing":0},{"duration":0}],"scaleFrame":[{"duration":28,"tweenEasing":0},{"duration":0}],"rotateFrame":[{"duration":12,"tweenEasing":0},{"duration":16,"tweenEasing":0,"rotate":16.3898},{"duration":0}],"name":"F_HAND1"},{"translateFrame":[{"duration":28,"tweenEasing":0},{"duration":0}],"scaleFrame":[{"duration":28,"tweenEasing":0},{"duration":0}],"rotateFrame":[{"duration":6,"tweenEasing":0},{"duration":18,"tweenEasing":0,"rotate":29.8479},{"duration":4,"tweenEasing":0,"rotate":29.8479},{"duration":0}],"name":"F_Ear1"},{"translateFrame":[{"duration":28,"tweenEasing":0},{"duration":0}],"scaleFrame":[{"duration":28,"tweenEasing":0},{"duration":0}],"rotateFrame":[{"duration":28,"tweenEasing":0},{"duration":0}],"name":"B_Wing2"},{"translateFrame":[{"duration":28,"tweenEasing":0},{"duration":0}],"scaleFrame":[{"duration":28,"tweenEasing":0},{"duration":0}],"rotateFrame":[{"duration":6,"tweenEasing":0},{"duration":6,"tweenEasing":0,"rotate":14.6202},{"duration":7,"tweenEasing":0,"rotate":-20.7631},{"duration":5,"tweenEasing":0,"rotate":22.6138},{"duration":4,"tweenEasing":0,"rotate":14.6202},{"duration":0}],"name":"bone"},{"translateFrame":[],"scaleFrame":[],"rotateFrame":[],"name":"Mouth"},{"translateFrame":[{"duration":6,"tweenEasing":0},{"duration":18,"y":-13.4424,"tweenEasing":0,"x":-28.3356},{"duration":4,"y":-13.4424,"tweenEasing":0,"x":-28.3356},{"duration":0}],"scaleFrame":[],"rotateFrame":[],"name":"F_eye_ball"},{"translateFrame":[{"duration":6,"tweenEasing":0},{"duration":18,"y":-2.775,"tweenEasing":0,"x":-30.3604},{"duration":4,"y":-2.775,"tweenEasing":0,"x":-30.3604},{"duration":0}],"scaleFrame":[],"rotateFrame":[],"name":"B_Eyeball"}],"duration":28,"slot":[{"displayFrame":[{"duration":28},{"duration":0}],"name":"B_Wing","colorFrame":[{"duration":28,"tweenEasing":0},{"duration":0}]},{"displayFrame":[{"duration":28},{"duration":0}],"name":"Spike","colorFrame":[{"duration":28,"tweenEasing":0},{"duration":0}]},{"displayFrame":[{"duration":28},{"duration":0}],"name":"B_Leg","colorFrame":[{"duration":28,"tweenEasing":0},{"duration":0}]},{"displayFrame":[{"duration":28},{"duration":0}],"name":"B_Eye","colorFrame":[{"duration":28,"tweenEasing":0},{"duration":0}]},{"displayFrame":[{"duration":28},{"duration":0}],"name":"B_Eyeball","colorFrame":[{"duration":28,"tweenEasing":0},{"duration":0}]},{"displayFrame":[{"duration":28},{"duration":0}],"name":"Tail","colorFrame":[{"duration":28,"tweenEasing":0},{"duration":0}]},{"displayFrame":[{"duration":28},{"duration":0}],"name":"Back_Hand","colorFrame":[{"duration":28,"tweenEasing":0},{"duration":0}]},{"displayFrame":[{"duration":28},{"duration":0}],"name":"Jaw","colorFrame":[{"duration":28,"tweenEasing":0},{"duration":0}]},{"displayFrame":[{"duration":28},{"duration":0}],"name":"Lower_body","colorFrame":[{"duration":28,"tweenEasing":0},{"duration":0}]},{"displayFrame":[{"duration":28},{"duration":0}],"name":"Upper_Body","colorFrame":[{"duration":28,"tweenEasing":0},{"duration":0}]},{"displayFrame":[{"duration":28},{"duration":0}],"name":"F_Wing","colorFrame":[{"duration":28,"tweenEasing":0},{"duration":0}]},{"displayFrame":[{"duration":28},{"duration":0}],"name":"F_Ear","colorFrame":[{"duration":28,"tweenEasing":0},{"duration":0}]},{"displayFrame":[{"duration":28},{"duration":0}],"name":"B_hand","colorFrame":[{"duration":28,"tweenEasing":0},{"duration":0}]},{"displayFrame":[{"duration":28},{"duration":0}],"name":"F_eye","colorFrame":[{"duration":28,"tweenEasing":0},{"duration":0}]},{"displayFrame":[{"duration":28},{"duration":0}],"name":"F_eye_ball","colorFrame":[{"duration":28,"tweenEasing":0},{"duration":0}]},{"displayFrame":[{"duration":28},{"duration":0}],"name":"F_HAND","colorFrame":[{"duration":28,"tweenEasing":0},{"duration":0}]},{"displayFrame":[{"duration":28},{"duration":0}],"name":"Back_Ear","colorFrame":[{"duration":28,"tweenEasing":0},{"duration":0}]},{"displayFrame":[{"duration":28},{"duration":0}],"name":"Mouth","colorFrame":[{"duration":28,"tweenEasing":0},{"duration":0}]}],"playTimes":0,"name":"animtion0","ffd":[]}],"defaultActions":[{"gotoAndPlay":"animtion0"}],"type":"Armature","ik":[],"skin":[{"name":"","slot":[{"display":[{"bonePose":[1,0.7867072907745184,-0.6173262011629,0.6173262011629,0.7867072907745184,18.6,-227.9,5,-0.5952737702701639,-0.8035229545124047,0.8035229545124047,-0.5952737702701639,150.45000000000002,-332.5],"height":318,"vertices":[93,-130.8,108.55,-115.8,124.1,-86.5,134.9,-55.4,141.45,-29.6,144.45,-5.65,144.5,25.45,138.5,48.8,131.3,70.95,112.75,98.55,96.6,116.35,72.45,134.35,38.49,152.65,3.8,157.1,-27.95,157.1,-55.5,155.3,-83.05,148.15,-107,133.15,-124.95,109.2,-136.3,76.9,-138.7,51.1,-143.5,21.8,-144.5,-17.05,-135.7,-56,-121.95,-86.5,-93.2,-120.6,-63.85,-139.75,-28.55,-154.75,5.55,-159.1,37.3,-158.5,67.85,-148.8,144.48,13.1,59.99,25.52,-141.44,34.37,-144.07,-0.49,48.62,2.76,142.9,-18.01,141.11,38.62,50.96,48.26,-137.28,66.35],"triangles":[32,31,5,31,32,6,32,37,6,36,32,5,4,35,36,35,32,36,3,35,4,32,7,37,32,8,7,32,38,8,2,35,3,38,9,8,1,35,2,30,35,0,0,35,1,38,10,9,29,35,30,29,28,35,38,11,10,28,27,35,27,26,35,13,12,38,38,12,11,26,25,35,25,24,35,14,13,38,35,38,32,24,23,35,33,20,35,15,14,38,39,15,38,35,20,38,20,39,38,39,18,15,21,33,35,34,21,35,23,22,35,22,34,35,39,19,18,18,16,15,18,17,16],"userEdges":[],"path":"Rat/Lower_body","uvs":[0.8218,0.08868,0.87561,0.13585,0.92941,0.22799,0.96678,0.32579,0.98945,0.40692,0.99983,0.48223,1,0.58003,0.97924,0.65346,0.95433,0.72311,0.89014,0.80991,0.83426,0.86588,0.75069,0.92248,0.6332,0.98005,0.51315,0.99403,0.40329,0.99403,0.30796,0.98836,0.21263,0.96588,0.12976,0.91871,0.06765,0.8434,0.02837,0.74182,0.02007,0.66069,0.00346,0.56855,0,0.44638,0.03045,0.3239,0.07803,0.22799,0.17751,0.12075,0.27907,0.06053,0.40121,0.01336,0.5192,-0.00031,0.62907,0.00157,0.73478,0.03208,0.99993,0.54118,0.70758,0.58026,0.01059,0.60809,0.00147,0.49845,0.66825,0.50867,0.99447,0.44336,0.98829,0.62146,0.67632,0.65176,0.02498,0.70865],"edges":[0,1,1,2,2,3,3,4,7,8,8,9,9,10,10,11,11,12,12,13,13,14,14,15,15,16,16,17,17,18,18,19,22,23,23,24,24,25,25,26,26,27,27,28,28,29,29,30,30,0,5,31,31,6,20,33,33,21,21,34,34,22,4,36,36,5,6,37,37,7,19,39,39,20],"weights":[2,1,0.3881344644230184,5,0.6118655355769816,2,1,0.4292850428033003,5,0.5707149571966995,2,1,0.4742105798698308,5,0.5257894201301692,2,1,0.5002662644294168,5,0.49973373557058326,2,1,0.5038468659152073,5,0.49615313408479267,2,1,0.5048706863894505,5,0.4951293136105494,2,1,0.505770469429051,5,0.49422953057094904,2,1,0.5060688343236823,5,0.49393116567631756,2,1,0.5057174526897186,5,0.49428254731028154,2,1,0.5046726489271297,5,0.4953273510728703,2,1,0.5126788286456443,5,0.48732117135435565,2,1,0.5557206366468356,5,0.4442793633531644,2,1,0.6498620091614005,5,0.35013799083859964,2,1,0.7683996576801249,5,0.23160034231987517,2,1,0.8762536049143418,5,0.12374639508565831,2,1,0.9476285132746902,5,0.05237148672530979,2,1,0.9872542613460181,5,0.012745738653981965,2,1,0.9848546676640263,5,0.015145332335973732,2,1,0.9473975537580241,5,0.05260244624197579,2,1,0.8596016069915902,5,0.1403983930084098,2,1,0.75906193248919,5,0.24093806751080998,2,1,0.6211727163081096,5,0.3788272836918904,2,1,0.45441648709394244,5,0.5455835129060574,2,1,0.3251846028275724,5,0.6748153971724277,2,1,0.2537105023750172,5,0.7462894976249828,1,5,1,2,1,0.1855632984877456,5,0.8144367015122544,2,1,0.1971514979521211,5,0.8028485020478788,2,1,0.22534445376945253,5,0.7746555462305474,2,1,0.27052775494262693,5,0.7294722450573731,2,1,0.32608596564885967,5,0.6739140343511404,2,1,0.5055283308949176,5,0.49447166910508245,2,1,0.5481766542321084,5,0.45182334576789157,2,1,0.681056163848287,5,0.3189438361517129,2,1,0.5201957833908447,5,0.47980421660915534,2,1,0.2740993512545194,5,0.7259006487454805,2,1,0.5043681796489354,5,0.4956318203510647,2,1,0.5060310810972672,5,0.49396891890273265,2,1,0.5972948883967886,5,0.4027051116032115,2,1,0.8224481862412469,5,0.17755181375875304],"type":"mesh","transform":{"skY":126.4482,"y":-24.739,"skX":126.4482,"x":47.1203},"width":289,"slotPose":[0.9999989260183706,-0.00146559274821767,0.00146559274821767,0.9999989260183706,102.5221914008321,-355.63574895977797],"name":"Rat/Lower_body"}],"name":"Lower_body"},{"display":[{"bonePose":[5,-0.5952737702701639,-0.8035229545124047,0.8035229545124047,-0.5952737702701639,150.45000000000002,-332.5,8,-0.8282595104305034,-0.5603447005026663,0.5603447005026663,-0.8282595104305034,88.84999999999998,-415.65000000000003,14,-0.8817795103749868,0.47166184399721006,-0.47166184399721006,-0.8817795103749868,-53.050000000000004,-511.65,33,-0.8230694248348737,0.5679407732343138,-0.5679407732343138,-0.8230694248348737,-136.15,-467.2],"height":270,"vertices":[249.75,-60.2,238.6,-73.7,218.7,-91.7,200.7,-103.75,181.5,-113.5,160.65,-122.3,139.4,-128.2,118.7,-132.25,97.95,-134.15,75.15,-135,52.95,-134.6,31,-131.55,4.2,-127,-20.7,-119.9,-46.75,-111.15,-68.75,-100.7,-92,-88.4,-117.55,-72.75,-140.55,-56.15,-157.15,-42.9,-174,-27.5,-192.7,-8.3,-209.55,10.9,-223.5,30.55,-233.25,45.95,-244.15,62.55,-250.55,78.45,-253.5,88.6,-253.15,94.3,-251,98.35,-245.3,103.55,-236.3,107.6,-221.6,108.3,-207.15,108.05,-188.2,105,-174.2,102.4,-156.9,100.5,-139.85,100.75,-123.95,102.85,-102.05,104.75,-78.25,109.05,-54.8,113.8,-40.8,118.8,-28.75,124.25,-13.1,128,8.45,131.35,14.65,130.2,19.6,127.5,30.3,128.45,42.15,129.95,61.1,132.95,78.65,134.4,104.5,133.9,128.4,131.3,150.45,126.55,170.85,120.15,183.65,113.3,199.75,102.85,215.15,89.8,226.05,76.3,239.35,53.55,246.65,32.45,251.15,8.3,253.05,-14,253.5,-37,251.85,-49.8,144.57,3.55,90.43,134.17,116.88,132.55,211.04,-96.83,191.25,-108.55,169.98,-118.36,229.05,-82.33,151.33,-124.89,209.33,-35.51,180.95,-17.55,140.17,128.77,-9.27,-123.16,4.02,-61.76,-3.33,129.52,-81.12,-37.53,-105.12,-80.36,-128.09,-65.15,-164.56,-36.13,-111.11,-10.78,-67.28,111.27,-90.94,106.76,-111.97,103.89,-96.74,-23.96,-148.29,8.72,-181.52,31.47,-201.42,1.64,-216.58,20.8,-197.07,106.43,-201.91,58.19,-38.75,-50.67,84.36,-54.49,53.13,131.69,118.21,-20.89,108.34,-133.2,129.08,-130.22,64.71,-20.92],"triangles":[74,62,63,74,63,64,65,74,64,0,74,65,75,61,62,74,75,62,1,74,0,75,60,61,66,59,60,75,66,60,72,74,1,69,74,2,66,58,59,2,74,72,66,57,58,66,56,57,3,70,74,70,75,74,3,74,69,4,75,70,4,71,75,66,55,56,66,54,55,71,98,75,66,76,54,73,98,5,5,98,71,53,76,66,96,98,73,68,53,66,6,96,73,98,66,75,100,96,6,52,68,66,101,51,67,67,52,66,101,67,66,101,50,51,99,96,7,7,96,100,98,101,66,97,50,101,8,96,99,49,97,101,48,49,101,9,96,8,96,101,98,47,48,101,9,10,96,10,11,96,11,78,96,44,47,101,42,44,101,78,101,96,95,42,101,41,42,95,42,43,44,44,79,47,78,95,101,12,78,11,88,41,95,88,85,41,80,88,95,77,78,12,79,45,47,88,84,85,77,13,78,45,46,47,84,40,85,13,14,78,14,95,78,84,86,40,14,15,95,84,39,86,15,16,95,16,80,95,84,87,39,84,89,87,89,38,87,16,81,80,89,37,38,81,17,80,17,88,80,17,82,88,82,18,88,89,90,37,18,84,88,90,36,37,18,19,84,19,89,84,19,83,89,94,35,36,90,94,36,83,20,89,20,21,89,21,90,89,21,91,90,94,34,35,94,93,34,94,33,93,92,94,90,22,92,90,91,22,90,32,33,94,92,23,94,25,32,94,25,26,32,24,25,94,23,24,94,26,31,32,26,30,31,26,27,30,27,29,30,27,28,29],"userEdges":[],"path":"Rat/Upper_Body","uvs":[0.9926,0.27704,0.97061,0.22704,0.93136,0.16037,0.89586,0.11574,0.85799,0.07963,0.81686,0.04704,0.77495,0.02519,0.73412,0.01019,0.6932,0.00315,0.64822,0,0.60444,0.00148,0.56114,0.01278,0.50828,0.02963,0.45917,0.05593,0.40779,0.08833,0.3644,0.12704,0.31854,0.17259,0.26815,0.23056,0.22278,0.29204,0.19004,0.34111,0.1568,0.39815,0.11992,0.46926,0.08669,0.54037,0.05917,0.61315,0.03994,0.67019,0.01844,0.73167,0.00582,0.79056,0,0.82815,0.00069,0.84926,0.00493,0.86426,0.01617,0.88352,0.03393,0.89852,0.06292,0.90111,0.09142,0.90019,0.1288,0.88889,0.15641,0.87926,0.19053,0.87222,0.22416,0.87315,0.25552,0.88093,0.29872,0.88796,0.34566,0.90389,0.39191,0.92148,0.41953,0.94,0.44329,0.96019,0.47416,0.97407,0.51667,0.98648,0.5289,0.98222,0.53866,0.97222,0.55976,0.97574,0.58314,0.9813,0.62051,0.99241,0.65513,0.99778,0.70611,0.99593,0.75325,0.9863,0.79675,0.9687,0.83698,0.945,0.86223,0.91963,0.89398,0.88093,0.92436,0.83259,0.94586,0.78259,0.97209,0.69833,0.98649,0.62019,0.99536,0.53074,0.99911,0.44815,1,0.36296,0.99675,0.31556,0.78515,0.51314,0.67837,0.99693,0.73053,0.99094,0.91625,0.14137,0.87721,0.09796,0.83527,0.06163,0.95178,0.19506,0.79847,0.03745,0.91288,0.36849,0.85691,0.435,0.77646,0.97691,0.48171,0.04386,0.50793,0.27127,0.49343,0.9797,0.34001,0.36099,0.29266,0.20236,0.24737,0.25872,0.17543,0.36618,0.28085,0.46008,0.36729,0.91212,0.32063,0.8954,0.27914,0.88477,0.3092,0.41127,0.20752,0.53229,0.14198,0.61655,0.10271,0.50608,0.07282,0.57705,0.11131,0.89418,0.10176,0.71552,0.42357,0.31233,0.66639,0.29818,0.6048,0.98774,0.73315,0.42263,0.71369,0.00667,0.7546,0.01771,0.62763,0.42252],"edges":[0,1,8,9,9,10,10,11,11,12,13,14,14,15,15,16,18,19,20,21,23,24,24,25,25,26,26,27,27,28,28,29,29,30,30,31,31,32,32,33,34,35,35,36,36,37,37,38,41,42,42,43,43,44,45,46,46,47,47,48,48,49,50,51,54,55,55,56,56,57,57,58,58,59,59,60,60,61,61,62,62,63,63,64,64,65,65,0,51,67,67,52,52,68,68,53,2,69,69,3,3,70,70,4,4,71,71,5,1,72,72,2,5,73,73,6,53,76,76,54,12,77,77,13,44,79,79,45,16,81,81,17,17,82,82,18,19,83,83,20,40,85,85,41,39,86,86,40,38,87,87,39,21,91,91,22,22,92,92,23,33,93,93,34,49,97,97,50,7,99,99,8,6,100,100,7],"weights":[2,5,0.5004235971189882,8,0.4995764028810118,2,5,0.4998254079865764,8,0.5001745920134235,2,5,0.49945281495138183,8,0.5005471850486182,2,5,0.4951734478738002,8,0.5048265521261999,3,5,0.3825006378234688,8,0.4181103620990103,14,0.19938900007752083,3,5,0.34133972494863873,8,0.4249498960844418,14,0.23371037896691949,3,5,0.2917904482981654,8,0.43659261743605654,14,0.27161693426577793,3,5,0.23858102340612966,8,0.44863002863422907,14,0.31278894795964135,3,5,0.18442519316317738,8,0.4597081351971028,14,0.35586667163971963,4,5,0.11707211374750376,8,0.42456241031605046,14,0.36842584581639753,33,0.08993963012004824,4,5,0.0761912684885451,8,0.43015464474828596,14,0.41208458760281963,33,0.08156949916034935,4,5,0.04457237685196892,14,0.4436748256465722,8,0.4435554118112802,33,0.06819738569017857,4,5,0.023332747749329148,14,0.46085906490135053,8,0.45768206816711243,33,0.05812611918220783,3,14,0.46424465679198174,8,0.45788493386333345,33,0.07787040934468488,3,14,0.4854606087444133,8,0.35501033194974807,33,0.15952905930583866,3,14,0.4965068376320151,33,0.27817561681817504,8,0.22531754554980982,3,14,0.4609000355112552,33,0.4145678302991882,8,0.12453213418955661,3,33,0.4703710513634978,14,0.4538038358474638,8,0.0758251127890384,3,33,0.5824556006270495,14,0.35544248968517206,8,0.06210190968777834,3,33,0.6890437918236912,14,0.25742259254927746,8,0.05353361562703116,3,33,0.7906848083915935,14,0.16738355224944348,8,0.04193163935896309,2,33,0.904899879265308,14,0.09510012073469189,2,33,0.9517841532248483,14,0.04821584677515165,2,33,0.9801731466251745,14,0.01982685337482555,2,33,0.9923948200941223,14,0.007605179905877712,2,33,0.9984151412568673,14,0.0015848587431328053,1,33,1,1,33,1,1,33,1,1,33,1,1,33,1,1,33,1,1,33,1,2,33,0.9343937249461143,14,0.0656062750538857,2,33,0.9006051815933824,14,0.09939481840661764,2,33,0.8699593215975016,14,0.13004067840249844,2,33,0.8225929147126562,14,0.17740708528734384,2,33,0.7668139594333846,14,0.2331860405666153,2,33,0.7117996294734668,14,0.2882003705265331,2,33,0.6435583746199133,14,0.3564416253800867,2,33,0.5843869703316357,14,0.4156130296683644,3,33,0.4210397194172657,14,0.3520285633972983,8,0.22693171718543595,3,33,0.3922214471283171,14,0.34908726544147606,8,0.25869128743020686,3,33,0.36997518687635716,14,0.3420050441890883,8,0.2880197689345544,4,5,0.22578297643726333,33,0.26592062948699596,14,0.255121553729887,8,0.2531748403458538,4,5,0.2672443195006974,8,0.2819906576774143,33,0.22665309335506664,14,0.22411192946682162,4,5,0.27886590184131577,8,0.2904567888611024,33,0.21580474213421275,14,0.2148725671633692,4,5,0.2875904145961083,8,0.2978569877298735,14,0.2075023194632482,33,0.20705027821076993,2,5,0.4998014691284021,8,0.5001985308715979,2,5,0.5104991193918684,8,0.4895008806081317,2,5,0.5302417642789516,8,0.4697582357210483,2,5,0.5540575805401909,8,0.4459424194598091,2,5,0.6080395411176013,8,0.3919604588823988,2,5,0.685095614807235,8,0.3149043851927649,2,5,0.7823061799329315,8,0.2176938200670685,2,5,0.886113737287851,8,0.11388626271214891,2,5,0.9477970180655959,8,0.05220298193440405,2,5,0.9956191028361893,8,0.004380897163810712,2,5,0.9829095441037728,8,0.01709045589622707,2,5,0.9222698685497727,8,0.07773013145022727,2,5,0.7886352161707404,8,0.2113647838292597,2,5,0.6809818532309165,8,0.3190181467690834,2,5,0.5920808192351725,8,0.4079191807648274,2,5,0.5404834145944646,8,0.4595165854055355,2,5,0.5116948303154406,8,0.4883051696845594,2,5,0.5034997014997602,8,0.49650029850023975,3,5,0.4670637362135052,8,0.5311429153481055,14,0.0017933484383892493,2,5,0.5751480875010184,8,0.4248519124989815,2,5,0.6441053491152887,8,0.3558946508847113,2,5,0.49908277272299595,8,0.500917227277004,3,5,0.39795860510235936,8,0.4170944667370437,14,0.18494692816059688,3,5,0.3613017569811015,8,0.4214833248791294,14,0.2172149181397692,2,5,0.49964297779500155,8,0.5003570222049986,3,5,0.32071118758765976,8,0.4300049348660338,14,0.24928387754630657,2,5,0.5000546595033157,8,0.49994534049668415,3,5,0.4835012047061779,8,0.48376343337458466,14,0.03273536191923745,2,5,0.7339872711856827,8,0.26601272881431726,3,14,0.4712389596316694,8,0.4658915921047022,33,0.0628694482636283,4,5,0.005926242744417168,8,0.6412521623837522,14,0.3350665048484419,33,0.017755090023388743,4,5,0.2440923877986814,8,0.26653561263668385,33,0.2477361341696723,14,0.24163586539496237,3,14,0.6113330504073347,33,0.38832511779798623,8,0.00034183179467898707,3,14,0.4546701610544646,33,0.4545898968587358,8,0.09073994208679956,3,33,0.5118773373505838,14,0.4202921442442815,8,0.06783051840513457,3,33,0.7373896377834488,14,0.2142376164902073,8,0.048372745726343924,3,33,0.9628818589693593,14,0.034092398311005315,8,0.0030257427196354295,3,33,0.4498863020693413,14,0.34830672037476407,8,0.20180697755589463,2,33,0.613522110758963,14,0.38647788924103704,2,33,0.6731716353108872,14,0.3268283646891128,3,33,0.9458828182181407,14,0.05248324760329161,8,0.0016339341785678002,3,33,0.9989144566176393,14,0.0008946699034227354,8,0.00019087347893785112,2,33,0.9996314822711309,14,0.0003685177288692322,2,33,0.9325964445115451,14,0.0674035554884548,2,33,0.9684363584216796,14,0.031563641578320395,2,33,0.917605492003542,14,0.08239450799645803,2,33,0.9930869311239285,14,0.00691306887607145,4,5,0.0027535432218041426,14,0.9104301774850652,33,0.046794234768856795,8,0.040022044524273874,4,5,0.06260896300054344,8,0.8581376477141219,14,0.061855699881066435,33,0.017397689404268096,2,5,0.5215810453050561,8,0.47841895469494383,3,5,0.11658676574034546,8,0.872136282465555,14,0.011276951794099568,3,5,0.21146525467880956,8,0.4548527805200238,14,0.3336819648011666,3,5,0.2657382950552342,8,0.44296818690581347,14,0.2912935180389525,4,5,0.02884954039128663,8,0.9366801834515848,14,0.02528921105790707,33,0.009181065099221508],"type":"mesh","transform":{"skY":-145.4772,"y":-79.2619,"skX":-145.4772,"x":-46.9658},"width":507,"slotPose":[0.9999989260183711,-0.0014655927482173925,0.0014655927482173925,0.9999989260183711,-52.47780859916781,-428.63574895977797],"name":"Rat/Upper_Body"}],"name":"Upper_Body"},{"display":[{"path":"Rat/F_eye","type":"image","name":"Rat/F_eye","transform":{"skY":95.8041,"y":1.454,"skX":95.8041,"x":49.9501}}],"name":"F_eye"},{"display":[{"bonePose":[6,0.9666944009114614,-0.25593345863022776,0.25593345863022776,0.9666944009114614,127.54999999999998,-471.5,12,0.06060542934967755,-0.9981618014797706,0.9981618014797706,0.06060542934967755,226.45000000000002,-498.74999999999994,22,0.9549630586445474,-0.2967247152231348,0.2967247152231348,0.9549630586445474,243.64999999999998,-761,32,0.7045534155909533,0.7096509596830836,-0.7096509596830836,0.7045534155909533,263.7,-745.25,13,0.6205725141675973,0.7841490640558765,-0.7841490640558765,0.6205725141675973,233.60000000000002,-488.7],"height":438,"vertices":[-231.75,162.2,-221.55,157.45,-204.55,157.45,-180.7,156.75,-160.3,149.95,-144,132.95,-132.4,106.4,-123.55,66.95,-122.9,17.95,-122.9,-22.15,-128.35,-65.7,-132.4,-104.5,-135.15,-116.05,-104.5,-132.4,-66.4,-150.05,-26.25,-169.1,7.05,-182.05,55.35,-196.35,104.4,-207.9,149.3,-216.75,195.45,-219,244,-217.4,226.1,-204.5,201,-188.15,170.35,-167.05,144.5,-139.85,119.3,-110.55,105.35,-86.65,95.55,-65.25,85.7,-36.65,83.15,-7.15,85.7,22.8,93.85,46.25,101.95,68.45,114.8,90.3,136.15,121.5,120.35,115.5,94.7,111.25,57.05,108.25,22,111.7,-5.35,118.95,-32.7,133.5,-54.1,154.45,-67.7,174.1,-78.9,200.2,-84.45,218.15,-100.7,215.15,-122.9,211.75,-148.1,210.45,-184.9,207,-202.85,209.15,-215.2,213.45,-233.65,207.9,-241,194.65,-244,181.8,-240.6,171.1,-151.96,141.25,-81.51,208.63,-92.91,216.59,-140.19,124.23,-111.26,161.17,-118.98,-124.67,-130.38,-85.15,-87.26,-140.39,-126.3,-49.31,129.03,-212.76,154.49,-150.36,-6.84,-53.17,-44.01,27.32,41.42,74.45,-67.64,81.44,103,-154.91,192.82,-198.93],"triangles":[20,22,21,72,23,22,20,72,22,72,24,23,19,72,20,19,24,72,65,66,24,19,65,24,18,71,65,34,36,35,71,25,66,65,71,66,71,26,25,34,37,36,71,27,26,17,71,18,33,37,34,38,37,33,17,16,71,67,28,27,16,67,27,71,16,27,69,38,33,32,69,33,67,29,28,31,69,32,68,69,30,30,69,31,67,30,29,67,68,30,15,67,16,69,39,38,40,39,69,68,40,69,15,14,67,68,70,40,14,63,67,63,10,67,9,68,67,70,41,40,10,64,67,64,9,67,13,62,63,62,10,63,70,42,41,70,60,42,8,70,68,9,8,68,6,60,70,8,7,70,60,43,42,61,62,13,7,6,70,60,44,43,11,62,61,6,59,60,46,57,44,60,46,44,60,47,46,46,58,57,58,45,57,59,5,60,48,47,60,12,11,61,4,48,60,56,4,60,5,56,60,4,3,48,3,49,48,2,50,49,2,49,3,54,53,55,55,53,0,53,52,51,1,0,50,0,53,50,53,51,50,2,1,50],"userEdges":[],"path":"Rat/F_Wing","uvs":[0.0251,0.87032,0.046,0.85947,0.08084,0.85947,0.12971,0.85788,0.17152,0.84235,0.20492,0.80354,0.22869,0.74292,0.24682,0.65285,0.24816,0.54098,0.24816,0.44943,0.23699,0.35,0.22869,0.26142,0.22305,0.23505,0.28586,0.19772,0.36393,0.15742,0.44621,0.11393,0.51445,0.08436,0.61342,0.05171,0.71393,0.02534,0.80594,0.00514,0.90051,0,1,0.00365,0.96332,0.03311,0.91189,0.07043,0.84908,0.11861,0.79611,0.18071,0.74447,0.2476,0.71588,0.30217,0.6958,0.35103,0.67561,0.41632,0.67039,0.48368,0.67561,0.55205,0.69232,0.60559,0.70891,0.65628,0.73525,0.70616,0.779,0.7774,0.74662,0.7637,0.69406,0.754,0.61691,0.74715,0.54508,0.75502,0.48904,0.77158,0.43299,0.80479,0.38914,0.85263,0.36127,0.89749,0.33832,0.95708,0.32695,0.99806,0.29365,0.99121,0.24816,0.98345,0.19652,0.98048,0.12111,0.9726,0.08432,0.97751,0.05902,0.98733,0.02121,0.97466,0.00615,0.94441,0,0.91507,0.00697,0.89064,0.18861,0.82249,0.33298,0.97632,0.30961,0.99449,0.21272,0.78364,0.27201,0.86797,0.25618,0.21536,0.23283,0.3056,0.32119,0.17948,0.24119,0.38741,0.76441,0.01426,0.81658,0.1567,0.48597,0.3786,0.40981,0.56238,0.58487,0.66997,0.36139,0.68593,0.71108,0.14632,0.89512,0.04582],"edges":[0,1,1,2,2,3,3,4,6,7,7,8,8,9,11,12,14,15,15,16,16,17,17,18,19,20,20,21,21,22,22,23,23,24,25,26,26,27,27,28,28,29,29,30,30,31,31,32,32,33,33,34,34,35,35,36,36,37,37,38,38,39,39,40,40,41,41,42,42,43,43,44,46,47,47,48,48,49,49,50,50,51,51,52,52,53,53,54,54,55,55,0,4,56,56,5,44,57,57,45,45,58,58,46,5,59,59,6,12,61,61,13,10,62,62,11,13,63,63,14,9,64,64,10,18,65,65,19,24,66,66,25],"weights":[3,6,0.9689390369791346,12,0.01648325193813793,13,0.014577711082727424,3,6,0.949526461684473,12,0.027083436570330265,13,0.023390101745196713,3,6,0.9611934379250127,12,0.021118035658941808,13,0.017688526416045475,3,6,0.9794524230913421,12,0.011578952412507013,13,0.008968624496150978,3,6,0.9118667340685209,12,0.05569648279677047,13,0.032436783134708574,4,6,0.23660511641715853,12,0.6742221190270532,13,0.08699062950462556,32,0.0021821350511628135,4,6,0.0007863346452181648,12,0.9986091884780385,13,0.0005511834606446459,32,0.000053293416098616317,4,6,0.0036953293335419105,12,0.9917557931408378,13,0.003114143357948526,32,0.0014347341676716981,4,6,0.0004279503265349844,12,0.9983834328597327,32,0.000751601632653728,22,0.000437015181078624,4,6,0.0000023558635884806453,12,0.9999757146616696,32,0.000013532367136496951,22,0.000008397107605278354,3,12,0.9473654752298485,32,0.028500414137797487,22,0.024134110632353937,3,12,0.572024804992828,22,0.34147229306710875,32,0.0865029019400633,3,12,0.47080886731428684,22,0.4420821559170573,32,0.08710897676865592,3,22,0.6770649000909205,12,0.20976561337724076,32,0.11316948653183874,3,22,0.8277008024597753,32,0.09305187613429508,12,0.07924732140592958,3,22,0.8852108223614349,32,0.06238510519334963,12,0.052404072445215416,3,22,0.9186073796274192,32,0.04407265708765701,12,0.03731996328492382,3,22,0.9546889967658103,32,0.024662284196405693,12,0.020648719037784043,1,22,1,1,22,1,1,22,1,1,22,1,1,22,1,1,22,1,1,22,1,1,22,1,2,22,0.8337478181675201,32,0.1662521818324799,2,22,0.6883343291397804,32,0.3116656708602195,2,22,0.521258679871057,32,0.4787413201289431,2,32,0.7041183622162092,22,0.2958816377837909,2,32,0.8639238228333512,22,0.13607617716664877,2,32,0.9480559432339697,22,0.051944056766030325,1,32,1,1,32,1,1,32,1,1,32,1,1,32,1,1,32,1,4,6,0.02989246071926641,32,0.8991700061666426,13,0.03789818215077638,12,0.03303935096331455,4,6,0.10037422870514409,32,0.6615561091514809,13,0.12488050255823793,12,0.11318915958513709,4,6,0.17466054155479763,32,0.40824145571322257,13,0.21948777345229803,12,0.1976102292796817,4,6,0.23468984678807872,13,0.3218093925025152,12,0.25744998344099,32,0.1860507772684161,4,6,0.23497501810107577,13,0.4447236082355044,12,0.24765800208799707,32,0.0726433715754227,4,6,0.1641618649127751,13,0.6351396908327014,12,0.17132779123080347,32,0.029370653023720033,4,6,0.023073167284794315,13,0.9501114039960842,12,0.02340921700753115,32,0.003406211711590331,3,6,0.0018391227775204767,13,0.996322163996185,12,0.0018387132262944715,3,6,0.03611567276530967,13,0.9281897585034702,12,0.035694568731220226,3,6,0.15705836336243464,13,0.6920503265544877,12,0.15089131008307766,3,6,0.33071554130931935,13,0.41988282516676195,12,0.24940163352391864,3,6,0.6203309479749863,13,0.19460904063151566,12,0.1850600113934979,3,6,0.7251650344481351,13,0.13806375527237938,12,0.13677121027948552,3,6,0.7641398434113769,12,0.11798916716541091,13,0.11787098942321228,3,6,0.8688480508051963,12,0.06650130985530414,13,0.06465063933949945,3,6,0.9428020020992456,12,0.029373336711713452,13,0.0278246611890411,3,6,0.9768323097630564,12,0.012029082679382656,13,0.011138607557561185,3,6,0.986734756807398,12,0.006957133653932329,13,0.006308109538669798,3,6,0.605402853876026,12,0.28900952610829567,13,0.1055876200156784,3,6,0.003229225889363113,13,0.9935195872867845,12,0.003251186823852286,3,6,0.013569842110163391,13,0.9729342735767186,12,0.01349588431311798,4,6,0.07867870524610512,12,0.8797432290240513,13,0.040012713979629654,32,0.001565351750214062,4,6,0.11574938226225781,13,0.7545280843091446,12,0.1274493959236052,32,0.002273137504992136,3,22,0.5896099588058401,12,0.34814804019087886,32,0.06224200100328112,3,12,0.8226945596817976,22,0.10087387690069259,32,0.07643156341750992,3,22,0.7625713657546626,12,0.11980552252439153,32,0.117623111720946,4,6,0.0005720775139920728,12,0.9865936369623957,32,0.007425255986378734,22,0.005409029537233483,1,22,1,1,22,1,3,32,0.8287173034926516,22,0.10567040474137623,12,0.06561229176597218,4,6,0.06856182103075434,32,0.6240840527965075,12,0.24022305877873956,13,0.06713106739399854,4,6,0.01395661025367285,32,0.952785616868395,12,0.017931576087595612,13,0.01532619679033665,4,6,0.1886002157700658,12,0.4646756284578646,13,0.1878861479017134,32,0.1588380078703561,2,22,0.9811341880945758,32,0.01886581190542433,1,22,1],"type":"mesh","transform":{"skY":-45.2905,"y":0.4193,"skX":-45.2905,"x":137.1362},"width":488,"slotPose":[0.9999989260183715,-0.0014655927482579156,0.0014655927482579156,0.9999989260183715,360.0221914008323,-647.6357489597781],"name":"Rat/F_Wing"}],"name":"F_Wing"},{"display":[{"path":"Rat/Back_Hand","type":"image","name":"Rat/Back_Hand","transform":{"skY":-61.208,"y":-40.8582,"skX":-61.208,"x":-8.3989}}],"name":"Back_Hand"},{"display":[{"bonePose":[16,0.32273947594602254,-0.9464878396820989,0.9464878396820989,0.32273947594602254,106.05000000000001,-531.7,35,0.5115123624428934,-0.8592759178913895,0.8592759178913895,0.5115123624428934,126.10000000000002,-590.5],"height":152,"vertices":[57.3,-60.45,47.2,-66.35,35.4,-70.9,20.4,-74.05,0.9,-76,-14.5,-74.85,-29.3,-70.3,-40.4,-64.2,-49.65,-56.3,-57.85,-46.85,-63.85,-33.25,-69.85,-12.1,-72.15,6.8,-71.7,24.75,-70.15,40.1,-68.95,50.6,-44.7,58.25,-5.05,70.5,11.1,75.6,25.3,60.45,41.1,40.55,54.1,20.8,64.35,2.25,71.05,-15.1,72.5,-31.25,71.65,-40.7,65.95,-52.15,-60.24,-41.43,59.78,10.53,-66.31,-24.58,-53.23,-52.18,49.18,28.27,-65.07,-28.96,57.04,15.48,3.6,-12.11,-22.43,-26.95,36.12,5.69,-70.87,32.94,17.73,68.53,-10.42,-0.88],"triangles":[26,0,24,0,36,24,36,23,24,26,24,25,34,36,0,36,22,23,1,34,0,36,28,22,2,34,1,36,33,28,36,21,33,3,34,2,36,31,21,36,20,31,36,39,20,39,19,20,4,35,34,4,34,3,39,17,19,34,39,36,17,38,19,39,16,17,5,35,4,17,18,38,6,35,5,35,39,34,13,37,16,6,7,35,13,16,39,35,11,39,11,12,39,12,13,39,7,8,35,27,10,35,10,32,35,30,9,35,9,27,35,29,11,35,8,30,35,32,29,35,37,14,16,14,15,16],"userEdges":[],"path":"Rat/F_Ear","uvs":[0.89517,0.1023,0.82552,0.06349,0.74414,0.03355,0.64069,0.01283,0.50621,0,0.4,0.00757,0.29793,0.0375,0.22138,0.07763,0.15759,0.12961,0.10103,0.19178,0.05966,0.28125,0.01828,0.42039,0.00241,0.54474,0.00552,0.66283,0.01621,0.76382,0.02448,0.83289,0.19172,0.88322,0.46517,0.96382,0.57655,0.99737,0.67448,0.8977,0.78345,0.76678,0.8731,0.63684,0.94379,0.5148,0.99,0.40066,1,0.29441,0.99414,0.23224,0.95483,0.15691,0.08455,0.22742,0.91224,0.56927,0.04269,0.3383,0.13292,0.15673,0.83919,0.68599,0.05127,0.30944,0.89338,0.60183,0.5248,0.42034,0.34529,0.32272,0.7491,0.53743,0.01122,0.71669,0.62228,0.95083,0.42813,0.49421],"edges":[0,1,1,2,2,3,3,4,4,5,5,6,6,7,7,8,11,12,12,13,14,15,15,16,16,17,17,18,19,20,22,23,23,24,24,25,25,26,26,0,9,27,27,10,28,22,29,11,8,30,30,9,20,31,31,21,10,32,32,29,21,33,33,28,13,37,37,14,18,38,38,19],"weights":[2,16,0.15670022972842948,35,0.8432997702715705,2,16,0.09812865948873258,35,0.9018713405112675,2,16,0.046673278516212835,35,0.9533267214837872,2,16,0.026698187411810848,35,0.9733018125881893,2,16,0.11518510348610272,35,0.8848148965138972,2,16,0.24180298388626326,35,0.7581970161137368,2,16,0.3565757966680265,35,0.6434242033319735,2,16,0.42668901946516036,35,0.5733109805348396,2,16,0.47166965750189765,35,0.5283303424981024,2,16,0.4958354653756814,35,0.5041645346243186,2,16,0.499911358932433,35,0.5000886410675669,2,16,0.5217251830842281,35,0.47827481691577195,2,16,0.5928328302676553,35,0.4071671697323447,2,16,0.693881680043419,35,0.30611831995658106,2,16,0.7866040218097387,35,0.21339597819026143,2,16,0.8274010956533001,35,0.17259890434669997,2,16,0.9528323091515221,35,0.04716769084847792,2,16,0.8531661752906734,35,0.14683382470932654,2,16,0.760438223991593,35,0.239561776008407,2,16,0.6602871532861421,35,0.339712846713858,2,16,0.5509905489080085,35,0.44900945109199153,2,16,0.5010124373328269,35,0.49898756266717326,2,16,0.4634082755061172,35,0.5365917244938827,2,16,0.4041003911178905,35,0.5958996088821095,2,16,0.3306233912485031,35,0.6693766087514968,2,16,0.28331699384967296,35,0.7166830061503271,2,16,0.21848854949756968,35,0.7815114505024303,2,16,0.49958436251711963,35,0.5004156374828803,2,16,0.4834756661478624,35,0.5165243338521375,2,16,0.5013322535724729,35,0.4986677464275271,2,16,0.48490841492701453,35,0.5150915850729855,2,16,0.5144601162509471,35,0.485539883749053,2,16,0.4999925582134755,35,0.5000074417865246,2,16,0.49218396973948736,35,0.5078160302605127,2,16,0.36860075191311037,35,0.6313992480868896,2,16,0.453234323125894,35,0.5467656768741059,2,16,0.4882886497538247,35,0.5117113502461753,2,16,0.7452034435477741,35,0.254796556452226,2,16,0.718702382829878,35,0.281297617170122,2,16,0.9056652144988404,35,0.09433478550115962],"type":"mesh","transform":{"skY":59.1514,"y":14.0012,"skX":59.1514,"x":-3.145},"width":145,"slotPose":[0.9999989260183717,-0.0014655927482931652,0.0014655927482931652,0.9999989260183717,136.52219140083213,-580.6357489597779],"name":"Rat/F_Ear"}],"name":"F_Ear"},{"display":[{"path":"Rat/B_Eyeball","type":"image","name":"Rat/B_Eyeball","transform":{"skY":49.6797,"y":0.9011,"skX":49.6797,"x":9.6515}}],"name":"B_Eyeball"},{"display":[{"path":"Rat/F_eye_ball","type":"image","name":"Rat/F_eye_ball","transform":{"skY":92.3999,"y":5.8576,"skX":92.3999,"x":19.1499}}],"name":"F_eye_ball"},{"display":[{"path":"Rat/Mouth","type":"image","name":"Rat/Mouth","transform":{"skY":-146.2679,"y":9.6386,"skX":-146.2679,"x":-1.3076}}],"name":"Mouth"},{"display":[{"path":"Rat/B_Eye","type":"image","name":"Rat/B_Eye","transform":{"skY":45.6144,"y":42.6861,"skX":45.6144,"x":30.5296}}],"name":"B_Eye"},{"display":[{"bonePose":[18,0.5432308663912371,-0.8395833644134607,0.8395833644134607,0.5432308663912371,-32.999999999999986,-573.3,31,-0.6788487517632569,-0.7342781300225876,0.7342781300225876,-0.6788487517632569,77.35000000000002,-743.8500000000001,38,-0.9783964801344927,0.20673733978271824,-0.20673733978271824,-0.9783964801344927,50.14999999999996,-751,28,-0.9986329867756951,-0.052270046139774096,0.052270046139774096,-0.9986329867756951,-32.99999999999997,-577.6000000000001],"height":502,"vertices":[-87.8,-250.55,-68.05,-240.35,-45.7,-227.6,-16.45,-206.5,18.05,-178.45,53.75,-142.8,53.75,-142.8,77.3,-116.65,98.9,-88.6,129.5,-45.2,149.3,-15.3,129.5,9.6,107.85,37.6,86.75,68.85,70.25,100.05,58.1,130.65,54.3,161.85,61.95,182.25,76.55,197.55,86.15,202.05,99.5,210.4,109.7,219.25,109.1,229.45,106.55,239.05,95.75,248.65,83.6,251,72.8,247.95,65.75,237.75,49.2,228.25,22.4,212.95,-6.25,200.1,-27.95,192.45,-23.5,175.3,-21.55,152.95,-22.25,133.2,-35.6,100.05,-55.4,77.7,-82.75,56.1,-117.85,38.85,-149.5,26.7,-124.85,17.2,-96.2,1.9,-78.05,-14.05,-58.55,-37.65,-44.95,-71.7,-41.95,-111.55,-47.75,-152.35,-61.75,-189.3,-79.6,-227.5,-91.55,-246.6,-92.03,-250.83,141.25,-27.46,139.83,-3.39,119.5,-59.38,119.27,22.83,-111.7,10.18,-100.48,47.39,-87.39,-5.84,-69.44,66.61,55.95,148.3,59.02,174.44,56.98,139.82,68.11,188.7,-22.67,165.83,-17.17,196.25,7.8,206.4,-21.92,142.41,27.2,-16.77,33.12,42.78,4.14,-107.36,25.26,114.82,-38.6,-185.42],"triangles":[51,52,10,11,52,51,9,11,51,53,67,9,9,67,11,67,54,11,8,67,53,67,12,54,67,68,12,21,20,22,20,23,22,27,24,20,20,24,23,68,13,12,27,25,24,27,26,25,19,27,20,7,69,8,69,67,8,28,27,18,18,27,19,68,14,13,6,69,7,62,28,18,68,70,14,29,28,17,17,28,62,70,15,14,60,29,17,16,65,60,65,29,60,70,61,15,70,59,61,70,16,59,30,65,16,63,30,16,33,63,16,70,33,16,4,69,6,69,44,67,63,32,30,46,69,4,34,66,70,66,33,70,43,42,67,44,43,67,58,36,68,67,42,68,42,58,68,35,70,68,36,35,68,35,34,70,71,46,4,46,45,69,3,71,4,32,64,30,45,44,69,42,37,58,57,37,42,2,71,3,32,31,64,2,47,71,57,41,37,47,46,71,48,47,2,1,48,2,41,56,37,49,48,1,0,49,1,55,56,41,55,38,56,50,49,0,40,38,55,40,39,38],"userEdges":[],"path":"Rat/B_Wing","uvs":[0.20635,0.0009,0.27241,0.02122,0.34716,0.04661,0.44498,0.08865,0.56037,0.14452,0.67977,0.21554,0.67977,0.21554,0.75853,0.26763,0.83077,0.32351,0.93311,0.40996,0.99933,0.46952,0.93311,0.51912,0.8607,0.5749,0.79013,0.63715,0.73495,0.6993,0.69431,0.76026,0.68161,0.82241,0.70719,0.86305,0.75602,0.89353,0.78813,0.90249,0.83278,0.91912,0.86689,0.93675,0.86488,0.95707,0.85635,0.9762,0.82023,0.99532,0.7796,1,0.74348,0.99392,0.7199,0.97361,0.66455,0.95468,0.57492,0.9242,0.4791,0.89861,0.40652,0.88337,0.4214,0.8492,0.42793,0.80468,0.42559,0.76534,0.38094,0.6993,0.31472,0.65478,0.22324,0.61175,0.10585,0.57739,0,0.55319,0.08244,0.53426,0.17826,0.50378,0.23897,0.47341,0.30418,0.425,0.34966,0.35657,0.3597,0.27779,0.3403,0.19651,0.29348,0.12291,0.23378,0.04681,0.19382,0.00986,0.19222,0.00035,0.9724,0.4453,0.96766,0.49325,0.89968,0.38172,0.89889,0.54549,0.12643,0.52027,0.16396,0.5944,0.20772,0.48904,0.26775,0.63269,0.68712,0.79542,0.69739,0.84748,0.69058,0.77853,0.72779,0.8759,0.42417,0.83034,0.44257,0.89094,0.52609,0.91116,0.42668,0.78369,0.59098,0.46658,0.61075,0.58523,0.51383,0.28605,0.58448,0.72873,0.3709,0.13064],"edges":[0,1,1,2,2,3,3,4,4,6,6,5,5,7,7,8,12,13,13,14,14,15,18,19,19,20,20,21,21,22,22,23,23,24,24,25,25,26,26,27,27,28,28,29,31,32,34,35,35,36,38,39,39,40,42,43,43,44,44,45,45,46,46,47,47,48,48,49,49,50,50,0,9,51,51,10,10,52,52,11,8,53,53,9,11,54,54,12,40,55,55,41,37,56,56,38,41,57,57,42,36,58,58,37,59,16,16,60,60,17,15,61,61,59,17,62,62,18,32,63,63,33,30,64,64,31,29,65,65,30,33,66,66,34],"weights":[1,31,1,1,31,1,1,31,1,1,31,1,2,31,0.9796921913624103,38,0.020307808637589832,3,18,0.028916973577465616,31,0.9313118343656348,38,0.03977119205689974,3,18,0.028916973577465616,31,0.9313118343656348,38,0.03977119205689974,3,18,0.044875953789472935,31,0.8922138450779284,38,0.06291020113259843,3,18,0.0658442272653834,31,0.8356207263675602,38,0.09853504636705622,3,18,0.1734258573117435,31,0.6516192585371889,38,0.1749548841510675,3,18,0.47118800102868985,31,0.47715344263181475,38,0.05165855633949543,4,18,0.8789498796907433,31,0.08339812011801824,38,0.036051824765806595,28,0.0016001754254318312,4,18,0.9864568728328366,38,0.0063871828640365245,31,0.006100328814002195,28,0.001055615489124647,4,18,0.9947031559149171,38,0.0022002825499078628,31,0.0016590967437605094,28,0.0014374647914144486,4,18,0.9827246315628205,28,0.01041502161187824,38,0.004014513624022927,31,0.002845833201278246,4,18,0.8804251743231889,28,0.1051228784295112,38,0.008458825996110161,31,0.005993121251189659,4,18,0.5426386683147443,28,0.43217764363215605,38,0.01438226302479602,31,0.010801425028303646,3,18,0.512936661645997,28,0.4582679611123844,38,0.028795377241618524,2,18,0.5206035900623214,28,0.4793964099376786,2,18,0.5171042064724792,28,0.48289579352752066,2,18,0.5138986196957142,28,0.48610138030428585,2,18,0.5122786081779629,28,0.48772139182203705,2,18,0.5127202293096474,28,0.4872797706903525,2,18,0.5131880117566259,28,0.4868119882433741,2,18,0.5145989874934114,28,0.4854010125065885,2,18,0.5162730071589894,28,0.48372699284101056,2,18,0.518222552102371,28,0.48177744789762905,2,18,0.5208148744627099,28,0.4791851255372901,2,18,0.5262592829270408,28,0.473740717072959,2,18,0.5364776864648396,28,0.46352231353516044,3,18,0.4432493599405776,28,0.522191350161476,38,0.03455928989794633,3,18,0.29920229916287394,28,0.6630878031567812,38,0.037709897680344946,3,18,0.1921482690867768,28,0.788594595674134,38,0.01925713523908919,3,18,0.005191817130167798,28,0.9942546904835617,38,0.0005534923862704198,3,18,0.08545126071472163,28,0.8990860978599401,38,0.015462641425338278,3,18,0.21463735551616886,28,0.6046953516741196,38,0.1806672928097115,3,18,0.15244005412609593,38,0.46708174535853414,28,0.38047820051536996,3,18,0.05118379219250938,38,0.8159789802199442,28,0.1328372275875463,3,18,0.02373600277464546,38,0.9129838483524334,28,0.06328014887292108,2,38,0.8566565918737791,28,0.14334340812622098,2,38,0.9496542814049341,28,0.05034571859506591,4,18,0.010507766324812517,38,0.9611312376356798,28,0.017317343191151247,31,0.011043652848356475,4,18,0.02750982492435015,38,0.9022275931078516,31,0.035820972094307346,28,0.034441609873490917,4,18,0.0625020575953543,38,0.7608489464238007,31,0.12009399270426056,28,0.05655500327658438,3,18,0.10082102463742684,38,0.5154849567315538,31,0.38369401863101943,2,31,0.7732580217895226,38,0.22674197821047737,2,31,0.9380529905633739,38,0.06194700943662613,2,31,0.9826800895786396,38,0.017319910421360454,1,31,1,1,31,1,1,31,1,3,18,0.40925495864603145,31,0.5112785198419741,38,0.0794665215119945,4,18,0.5836232594446397,31,0.3773802260602209,38,0.03769379787587113,28,0.0013027166192682534,3,18,0.10949477873131974,31,0.7282988303444554,38,0.16220639092422487,4,18,0.9586401710672114,31,0.022240581602910862,38,0.017697416204202506,28,0.001421831125675123,4,18,0.011108097905272112,38,0.9564517607407698,28,0.02176914962279448,31,0.010670991731163565,3,18,0.024258760152137102,38,0.9102030143261471,28,0.06553822552171569,4,18,0.017803999158095534,38,0.9358177354423606,28,0.025714827414493803,31,0.020663437985050038,3,18,0.09702087105727322,38,0.6550068798877057,28,0.24797224905502102,4,18,0.662311630865757,28,0.31589485793135846,38,0.01256303404471188,31,0.009230477158172616,3,18,0.5175438965393038,28,0.45952211201390314,38,0.022933991446793013,4,18,0.7735530231583062,28,0.20732300077924568,38,0.01109964762544911,31,0.008024328436999097,3,18,0.5047818788192169,28,0.45777120599256765,38,0.037446915188215385,3,18,0.0993790558377626,28,0.89088842401566,38,0.00973252014657731,3,18,0.37427211251519094,28,0.5894443770820723,38,0.03628351040273679,2,18,0.520365474859021,28,0.47963452514097904,3,18,0.020400107065989152,28,0.9768225595943668,38,0.002777333339644058,4,18,0.01705460807281937,38,0.9537586765323822,31,0.024045060863075673,28,0.00514165453172266,4,18,0.34918934201493573,38,0.48007960611133027,28,0.08877199174044952,31,0.08195906013328448,3,18,0.03781696913600801,31,0.8740923457572849,38,0.0880906851067072,4,18,0.701594110926243,28,0.2593029588007065,38,0.02665839089165963,31,0.012444539381390854,2,31,0.9960049952046272,38,0.003995004795372832],"type":"mesh","transform":{"skY":176.9198,"y":150.4962,"skX":176.9198,"x":33.3899},"width":299,"slotPose":[0.9999989260183716,-0.001465592748259241,0.001465592748259241,0.9999989260183716,-58.47780859916794,-729.6357489597777],"name":"Rat/B_Wing"}],"name":"B_Wing"},{"display":[{"path":"Rat/Jaw","type":"image","name":"Rat/Jaw","transform":{"skY":-162.7299,"y":74.3278,"skX":-162.7299,"x":112.8444}}],"name":"Jaw"},{"display":[{"bonePose":[15,-0.15407289086309084,-0.9880594841916603,0.9880594841916603,-0.15407289086309084,-47.299999999999955,-547.5,30,0.04224711420675467,-0.9991071921176432,0.9991071921176432,0.04224711420675467,-57.35,-611.95],"height":160,"vertices":[-13.95,-72.6,-27.45,-65.85,-41.55,-56.85,-52.25,-45.85,-62.05,-28.95,-64.3,-16.9,-66,-2.25,-61.8,17.7,-53.6,37.15,-45.7,52.85,-37.55,66.9,-29.4,79.25,2.7,71.4,33.9,66.05,54.4,61.85,58.35,40.2,61.8,18.5,64.25,-4.8,64.8,-25,62.3,-43.9,55.25,-61.05,45.15,-73.15,33.6,-78.7,18.7,-79.6,1,-77.65,-49.62,45.05,59.74,31.44,-7.48,41.62,64.53,-15.06,-57.64,-36.56,-63.24,-22.58,64.39,-9.91,9.35,-13.3,8.01,-19.45,50.9,-13.44,-23.75,-12.8,-63.76,8.4,63.27,4.48,-9.32,0.87],"triangles":[19,34,18,34,37,17,34,17,31,34,31,28,18,34,28,34,16,37,20,33,19,33,34,19,32,26,16,34,32,16,13,14,15,27,15,26,32,27,26,21,33,20,27,13,15,23,33,22,22,33,21,38,27,32,33,32,34,24,33,23,27,12,13,0,1,33,24,0,33,1,35,33,33,38,32,35,38,33,1,2,35,27,10,12,10,11,12,2,3,35,35,7,38,7,8,38,38,8,27,8,25,27,25,9,27,9,10,27,36,7,35,6,36,35,5,6,35,30,5,35,29,4,35,4,30,35,3,29,35],"userEdges":[33,34],"path":"Rat/Back_Ear","uvs":[0.39432,0.04625,0.29205,0.08844,0.18523,0.14469,0.10417,0.21344,0.02992,0.31906,0.01288,0.39438,0,0.48594,0.03182,0.61062,0.09394,0.73219,0.15379,0.83031,0.21553,0.91813,0.27727,0.99531,0.52045,0.94625,0.75682,0.91281,0.91212,0.88656,0.94205,0.75125,0.96818,0.61562,0.98674,0.47,0.99091,0.34375,0.97197,0.22563,0.91856,0.11844,0.84205,0.04281,0.75455,0.00812,0.64167,0.0025,0.50758,0.01469,0.12407,0.78159,0.95259,0.69651,0.44331,0.76016,0.98886,0.40589,0.06336,0.2715,0.02092,0.35885,0.9878,0.43804,0.57081,0.41687,0.56065,0.37842,0.88559,0.416,0.32005,0.42001,0.01698,0.55249,0.97935,0.52802,0.42937,0.50545],"edges":[0,1,1,2,2,3,5,6,7,8,9,10,10,11,11,12,12,13,13,14,14,15,18,19,19,20,20,21,21,22,22,23,23,24,24,0,8,25,25,9,15,26,26,16,28,18,3,29,29,4,4,30,30,5,17,31,31,28,6,36,36,7,16,37,37,17],"weights":[2,15,0.05195313994821165,30,0.9480468600517883,2,15,0.16891882675459116,30,0.8310811732454089,2,15,0.3090332049279823,30,0.6909667950720176,2,15,0.4066364796512873,30,0.5933635203487128,2,15,0.4787440126892902,30,0.5212559873107099,2,15,0.4973736896462909,30,0.502626310353709,2,15,0.49989184036318407,30,0.5001081596368159,2,15,0.5162028933346176,30,0.48379710666538256,2,15,0.5830308520148387,30,0.4169691479851612,2,15,0.6688631078667245,30,0.3311368921332755,2,15,0.7563009118872197,30,0.24369908811278018,2,15,0.8104437278855307,30,0.18955627211446927,2,15,0.9597247862743464,30,0.040275213725653576,2,15,0.9017090931212973,30,0.09829090687870273,2,15,0.7903621270709319,30,0.20963787292906808,2,15,0.6896916457352733,30,0.3103083542647267,2,15,0.5805286840585894,30,0.4194713159414106,2,15,0.5107633653324045,30,0.4892366346675954,2,15,0.47841536757269104,30,0.521584632427309,2,15,0.4193307909187422,30,0.5806692090812577,2,15,0.3288936485367778,30,0.6711063514632223,2,15,0.2294615873163397,30,0.7705384126836603,2,15,0.1432879193543765,30,0.8567120806456235,2,15,0.053609569273928945,30,0.9463904307260711,2,15,0.0012520959326692285,30,0.9987479040673307,2,15,0.6241076838969412,30,0.37589231610305884,2,15,0.6429968256534114,30,0.3570031743465885,2,15,0.9312249665461577,30,0.06877503345384225,2,15,0.4953330135689908,30,0.5046669864310093,2,15,0.4533017611093584,30,0.5466982388906415,2,15,0.4909203159185565,30,0.5090796840814436,2,15,0.5030101998524935,30,0.49698980014750643,2,15,0.4377444306021189,30,0.5622555693978811,2,15,0.26685643781159185,30,0.733143562188408,2,15,0.49575127640567945,30,0.5042487235943206,2,15,0.49231889044725674,30,0.5076811095527431,2,15,0.5029492821840037,30,0.4970507178159963,2,15,0.5310012807243057,30,0.46899871927569425,2,15,0.6322850035700242,30,0.36771499642997596],"type":"mesh","transform":{"skY":87.4947,"y":1.7222,"skX":87.4947,"x":-8.2489},"width":132,"slotPose":[0.9999989260183713,-0.0014655927482575132,0.0014655927482575132,0.9999989260183713,-55.977808599167865,-603.635748959778],"name":"Rat/Back_Ear"}],"name":"Back_Ear"},{"display":[{"bonePose":[3,-0.5674495186087445,0.8234081878574588,-0.8234081878574588,-0.5674495186087445,11.45000000000001,-260.8500000000001,10,0.7071067811865476,0.7071067811865476,-0.7071067811865476,0.7071067811865476,-31.550000000000015,-197.80000000000004,26,-0.4323751753882875,0.9016937993065871,-0.9016937993065871,-0.4323751753882875,7.199999999999984,-160.50000000000003],"height":182,"vertices":[55.45,-89.6,34.8,-87.9,4.8,-82.15,-23.4,-67.15,-50.45,-42.4,-68.3,-15.35,-73.45,1.9,-72.3,23.8,-64.55,34.55,-51.45,42.15,-38.55,46.4,-35.85,51.65,-43.2,59.15,-50,66.4,-54,75.4,-54.4,79.45,-45.1,78.65,-34.75,75.9,-25.65,71.05,-20.15,66.1,-23.75,74.8,-27.55,83.1,-29.05,88.95,-26.3,89.65,-15.3,83.3,-6.65,75,0.35,66.95,5.6,56.55,6.05,45.8,2.65,36.9,-2.85,31,-13.85,23.4,-21.65,15.35,-24,11.5,-19.35,6.85,-6,4.55,12.8,3.3,31,-1.1,45.55,-7.05,56.75,-15.9,64.6,-26.9,70.1,-42.75,74,-61.6,74,-80.9,73.2,-85.75,68.95,-90.2,62.65,-91,-72.84,13.48,-68.14,29.57,-72.54,19.28,-73.15,7.52,-22.83,13.42,-22.32,9.82,-19.33,17.74,-37.21,49,4.61,42.03,-0.43,33.59,-7.51,27.78,5.85,50.6,-39.11,54.98,-2.98,70.77,3.45,60.82,-6.94,46.88,-22.53,39.5,-15.74,46.86,-7.78,38.07,-41.77,1.42,-39.24,14.23,-61.88,2.85],"triangles":[46,0,43,46,43,44,45,46,44,1,41,42,0,1,42,43,0,42,1,40,41,2,39,40,1,2,40,2,37,38,2,38,39,2,3,36,2,36,37,3,35,36,4,34,35,3,4,35,4,66,34,62,27,58,62,58,28,55,62,28,62,61,27,29,62,55,65,62,29,62,26,61,62,19,26,56,65,29,64,19,62,19,60,26,30,65,56,57,65,30,19,25,60,65,64,62,31,63,65,31,65,57,20,24,25,19,20,25,63,64,65,11,19,64,53,63,31,20,21,24,21,23,24,63,11,64,32,67,53,67,63,53,66,52,34,59,18,19,11,59,19,10,54,63,67,10,63,54,11,63,66,33,52,51,67,32,33,67,51,21,22,23,59,12,18,66,67,33,4,5,66,67,9,10,12,17,18,8,9,67,12,13,17,13,16,17,5,68,66,48,8,67,66,68,67,68,48,67,49,48,68,13,14,16,14,15,16,47,49,68,49,7,48,5,6,68,6,50,68,50,47,68],"userEdges":[],"path":"Rat/B_Leg","uvs":[0.87466,0.00769,0.73514,0.01703,0.53243,0.04863,0.34189,0.13104,0.15912,0.26703,0.03851,0.41566,0.00372,0.51044,0.01149,0.63077,0.06385,0.68984,0.15236,0.73159,0.23953,0.75495,0.25777,0.78379,0.20811,0.825,0.16216,0.86484,0.13514,0.91429,0.13243,0.93654,0.19527,0.93214,0.2652,0.91703,0.32669,0.89038,0.36385,0.86319,0.33953,0.91099,0.31385,0.95659,0.30372,0.98874,0.3223,0.99258,0.39662,0.95769,0.45507,0.91209,0.50236,0.86786,0.53784,0.81071,0.54088,0.75165,0.51791,0.70275,0.48074,0.67033,0.40642,0.62857,0.35372,0.58434,0.33784,0.56319,0.36926,0.53764,0.45946,0.525,0.58649,0.51813,0.70946,0.49396,0.80777,0.46126,0.88345,0.41264,0.93649,0.3522,0.97365,0.26511,1,0.16154,1,0.05549,0.99459,0.02885,0.96588,0.0044,0.92331,0,0.00782,0.57406,0.03959,0.66246,0.00988,0.60596,0.00571,0.54134,0.34574,0.57371,0.34919,0.55396,0.36938,0.59748,0.24855,0.76921,0.53114,0.73091,0.49709,0.68459,0.44927,0.65265,0.53952,0.77801,0.23575,0.80206,0.47989,0.88887,0.52328,0.83417,0.4531,0.75756,0.34777,0.71705,0.39364,0.75749,0.44745,0.7092,0.21774,0.50783,0.23484,0.57818,0.08192,0.51563],"edges":[0,1,1,2,2,3,3,4,4,5,5,6,8,9,9,10,12,13,13,14,14,15,15,16,16,17,17,18,18,19,19,20,20,21,21,22,22,23,23,24,24,25,34,35,35,36,36,37,37,38,38,39,39,40,40,41,41,42,42,43,43,44,44,45,45,46,46,0,7,48,48,8,47,49,49,7,6,50,50,47,32,51,51,33,33,52,52,34,31,53,53,32,10,54,54,11,28,55,55,29,29,56,56,30,30,57,57,31,27,58,58,28,11,59,59,12,25,60,60,26,26,61,61,27],"weights":[1,3,1,1,3,1,1,3,1,2,3,0.85,10,0.15,2,3,0.84,10,0.17,2,3,0.63,10,0.38,2,3,0.53,10,0.48,3,3,0.5358102027564435,10,0.43361060856461037,26,0.03057918867894614,3,3,0.4684558518529688,10,0.4727848472923456,26,0.058759300854685635,3,3,0.1992695295948592,10,0.6933811669049037,26,0.10734930350023712,3,3,0.038723194109823174,10,0.8543464473803644,26,0.10693035850981254,3,3,0.037365347082512615,10,0.7293043705781372,26,0.23333028233935016,3,3,0.09093431825864766,26,0.45530916333299964,10,0.45375651840835274,3,3,0.11801183505903573,26,0.5565857962947531,10,0.3254023686462111,3,3,0.10164320169154356,26,0.6744575709514321,10,0.2238992273570243,3,3,0.08552573548729961,26,0.7300355570043824,10,0.184438707508318,3,3,0.0366795597311319,26,0.8462728559399603,10,0.11704758432890777,3,3,0.0056799854035881805,26,0.9601099227636994,10,0.034210091832712376,3,3,0.00040608842406416164,26,0.9931667426704762,10,0.006427168905459645,3,3,0.003514857367374048,26,0.8080553607167987,10,0.18842978191582727,3,3,0.004427832768671124,26,0.9327081862329404,10,0.06286398099838848,3,3,0.004219753869672417,26,0.9651834386399736,10,0.030596807490354073,3,3,0.005773808131343027,26,0.9623182830846184,10,0.03190790878403861,3,3,0.011363335357588593,26,0.9213140052698422,10,0.06732265937256925,3,3,0.027736105240898205,26,0.6765835047120191,10,0.2956803900470828,3,3,0.029078871069005263,10,0.5402683715320928,26,0.43065275739890185,3,3,0.03144447198906986,10,0.6147325782855253,26,0.3538229497254049,3,3,0.043443302595415643,10,0.5536385813431568,26,0.40291811606142763,3,3,0.06451400366412166,10,0.48822264191153036,26,0.44726335442434806,3,3,0.09421211404787244,26,0.4667684967094218,10,0.4390193892427058,3,3,0.12360214060091487,26,0.4470165003530277,10,0.4293813590460574,3,3,0.20019427102358434,10,0.4668096794358189,26,0.3329960495405967,3,3,0.360095008895509,10,0.4373287327329356,26,0.20257625837155532,3,3,0.4612865443005967,10,0.38188827673482467,26,0.15682517896457848,2,3,0.65,10,0.35000000000000003,2,3,0.7000000000000001,10,0.3,2,3,0.7000000000000001,10,0.3,2,3,0.7000000000000001,10,0.3,2,3,0.75,10,0.25,2,3,0.75,10,0.25,2,3,0.8,10,0.2,2,3,0.85,10,0.15,2,3,0.8,10,0.2,2,3,0.85,10,0.15,2,3,0.85,10,0.15,1,3,1,1,3,1,3,3,0.5174192772483531,10,0.4581551204273372,26,0.02442560232430964,3,3,0.5302320310659819,10,0.4309280789180164,26,0.03883989001600168,3,3,0.5350672084364653,10,0.4402143616223955,26,0.024718429941139135,2,3,0.52,10,0.48,3,3,0.4088878914398379,10,0.4118229826653744,26,0.17928912589478765,3,3,0.48691524279909226,10,0.3532813831811236,26,0.15980337401978417,3,3,0.30288541818803444,10,0.45657926808505833,26,0.24053531372690728,3,3,0.03885232659345445,10,0.8021353392513015,26,0.15901233415524396,3,3,0.0739940534619688,10,0.46590790809931315,26,0.46009803843871794,3,3,0.10832922296631978,26,0.46146568728931303,10,0.43020508974436716,3,3,0.14772497540009694,10,0.44131611349938343,26,0.4109589111005196,3,3,0.05212667585369831,10,0.5177641617617482,26,0.4301091623845535,3,3,0.06381116837621115,10,0.5824361406463024,26,0.35375269097748635,3,3,0.028910226159840412,10,0.6037622090939293,26,0.36732756474623024,3,3,0.035978540077812086,10,0.5858905737657228,26,0.37813088615646506,3,3,0.028295531532484458,26,0.5070738310230822,10,0.46463063744443334,3,3,0.03128995915262192,10,0.7232135541677573,26,0.2454964866796208,3,3,0.012114279258723354,26,0.5227027237800311,10,0.46518299696124543,3,3,0.06450847265263639,26,0.48442765011635963,10,0.451063877231004,3,3,0.9509524498992884,10,0.042758785284829764,26,0.006288764815881767,3,3,0.4999986101289484,10,0.4508682045387367,26,0.049133185332314956,3,3,0.6231186001052964,10,0.35985659006129406,26,0.017024809833409524],"type":"mesh","transform":{"skY":-115.7024,"y":6.4351,"skX":-115.7024,"x":-56.9521},"width":148,"slotPose":[0.9999989260183714,-0.0014655927482578046,0.0014655927482578046,0.9999989260183714,26.02219140083213,-214.63574895977794],"name":"Rat/B_Leg"}],"name":"B_Leg"},{"display":[{"bonePose":[4,0.23833788310164272,0.9711822967283885,-0.9711822967283885,0.23833788310164272,207.79999999999998,-326.75000000000006,11,0.0854293161461182,0.9963442336576281,-0.9963442336576281,0.0854293161461182,227.84999999999997,-245.05000000000007,17,-0.24228667107522142,0.9702047046985945,-0.9702047046985945,-0.24228667107522142,232.15,-194.89999999999998,29,-0.4587702136700156,0.8885549454305951,-0.8885549454305951,-0.4587702136700156,220.70000000000002,-146.19999999999996,39,-0.6714090250778724,0.741086986152085,-0.741086986152085,-0.6714090250778724,197.74999999999997,-101.74999999999997],"height":300,"vertices":[-15.15,-111.85,1.05,-126.75,25,-149.4,29.5,-135.8,36,-117.05,43.58,-97.64,47.94,-76.21,47.5,-51.65,47.5,-27.7,46.5,-12.45,44.2,7.1,40.65,24.85,36.6,42.1,30,58.6,21.65,77.35,12.25,93.35,4.4,106.25,-2.95,116.4,-14.4,128.85,-24.55,139,-34.4,146.35,-39.5,149.4,-45.05,149.4,-46.35,145.05,-44.8,139,-39.5,129.1,-28.85,114.9,-20,104.4,-12.1,94.85,-5.5,83.45,-0.45,70.75,3.85,56.05,6.35,35,6.65,21.3,6.9,4.05,5.65,-14.45,3.6,-34.55,0.3,-57.65,-4.75,-81.45,-9.55,-98.75,4.14,-29.3,47.5,-36.65,47.5,-44.24,2.81,-40.07,4.65,-24.28,6.79,11.97,42.99,13.17,45.05,-0.16,6.55,-1.14,6.72,16.64,41.79,19.13,26.61,66.21,2.66,60.13,4.41,51.35,28.53,61.9,31.45,54.98,4.76,48.36,25.4,68.92,1.81,63.04,-13.95,97.08,2.72,108.57,-10.12,91.43,6.27,103.17,-15.68,99.18,1.08,110.84,-17.77,101.71,-0.73,113.33,-21.93,106.69,-5.44,119.11],"triangles":[35,9,8,44,35,8,40,44,8,6,37,7,37,43,7,7,43,42,43,36,42,40,8,41,36,40,41,42,36,41,48,47,9,35,48,9,5,38,6,48,34,47,47,34,10,34,46,10,38,37,6,45,50,46,34,45,46,49,11,50,45,49,50,32,12,11,33,32,11,49,33,11,4,39,5,39,38,5,32,55,12,3,1,4,1,39,4,53,13,55,56,53,55,32,56,55,53,31,54,53,54,13,2,1,3,31,51,54,52,57,51,31,52,51,58,14,57,52,58,57,30,15,14,58,30,14,0,39,1,61,62,15,29,61,15,30,29,15,28,16,62,61,28,62,16,28,60,59,64,60,28,59,60,59,63,64,63,66,64,65,17,66,63,65,66,65,27,17,27,67,68,27,68,17,67,18,68,67,26,18,26,19,18,26,25,19,25,20,19,25,24,20,24,23,21,24,21,20,23,22,21],"userEdges":[],"path":"Rat/Tail","uvs":[0.34053,0.12717,0.51105,0.0775,0.76316,0.002,0.81053,0.04733,0.87895,0.10983,0.92632,0.1745,0.96737,0.24583,1,0.32783,1,0.40767,0.98947,0.4585,0.96526,0.52367,0.92789,0.58283,0.88526,0.64033,0.81579,0.69533,0.72789,0.75783,0.62895,0.81117,0.54632,0.85417,0.46895,0.888,0.34842,0.9295,0.24158,0.96333,0.13789,0.98783,0.08421,0.998,0.02579,0.998,0.01211,0.9835,0.02842,0.96333,0.08421,0.93033,0.19632,0.883,0.28474,0.84583,0.37263,0.81617,0.44211,0.77817,0.49526,0.73583,0.54053,0.68683,0.56684,0.61667,0.57,0.571,0.57263,0.5135,0.55947,0.45183,0.53789,0.38483,0.50316,0.30783,0.45,0.2285,0.39947,0.17083,0.54353,0.40232,1,0.37785,1,0.35252,0.52959,0.36643,0.54892,0.41907,0.57142,0.53989,0.95249,0.54388,0.97426,0.49946,0.56894,0.49619,0.57071,0.55546,0.93994,0.56376,0.78012,0.7207,0.52796,0.70044,0.5464,0.67118,0.80031,0.70634,0.83102,0.68327,0.55014,0.66119,0.76742,0.72973,0.51901,0.71012,0.3521,0.8231,0.52864,0.8619,0.3935,0.80475,0.56604,0.8439,0.33275,0.82963,0.51134,0.86946,0.3095,0.83747,0.49235,0.87776,0.26544,0.85395,0.44273,0.89703],"edges":[0,1,1,2,2,3,3,4,4,5,5,6,6,7,8,9,11,12,14,15,18,19,19,20,20,21,21,22,22,23,23,24,24,25,25,26,29,30,32,33,37,38,38,39,39,0,40,36,41,8,7,42,42,41,36,43,43,37,35,44,44,40,45,34,10,46,9,47,47,10,34,48,48,35,33,49,49,45,46,50,50,11,52,31,31,53,13,54,54,51,12,55,55,13,53,56,56,32,51,57,57,14,30,58,58,52,59,28,16,60,28,61,61,29,15,62,62,16,63,59,60,64,27,65,65,63,64,66,66,17,26,67,67,27,17,68,68,18],"weights":[2,4,0.9500000000000001,11,0.05,4,4,0.9876157771152733,11,0.007466286623219991,17,0.0031406881240532885,29,0.0017772481374534513,1,4,1,2,4,0.98,29,0.02,2,4,0.98,29,0.02,2,4,0.97,29,0.03,2,4,0.8,11,0.2,4,4,0.47043377285754634,11,0.4306427115023139,17,0.07438332004186059,29,0.02454019559827917,4,4,0.3745976475069883,11,0.4718592865620505,17,0.12507455910974527,29,0.02846850682121596,4,4,0.19976797218594067,11,0.5298718726397013,17,0.23397767645532128,29,0.0363824787190369,4,4,0.055840316143431254,11,0.46783661932470644,17,0.4401847561861813,29,0.03613830834568091,4,4,0.030053886606403818,17,0.5177034937804167,11,0.38750057905407015,29,0.06474204055910932,4,17,0.6170347311624959,29,0.19525260322838747,11,0.1616590505602834,39,0.026053615048833405,4,17,0.4908414523862449,29,0.4425597211594118,11,0.04179040885826412,39,0.02480841759607947,4,29,0.6617005220892044,17,0.25402876649478373,39,0.06089822275802061,11,0.023372488657991367,4,29,0.7337173638743882,39,0.17744797897643125,17,0.07510484954345621,11,0.013729807605724238,4,29,0.5350708924372012,39,0.4359066352857175,17,0.0230257175763608,11,0.0059967547007205605,4,39,0.5475073623148602,29,0.4330829174819956,17,0.01472598167491147,11,0.004683738528232628,4,39,0.8393908715169466,29,0.1412224008786172,17,0.013992957070750229,11,0.005393770533685894,4,39,0.9298190755781294,29,0.05623470054727757,17,0.00971484690921131,11,0.004231376965381678,4,39,0.9741090723804823,29,0.019283950051711,17,0.0044854261404944475,11,0.002121551427312402,4,39,0.9876564207537687,29,0.008899569666971974,17,0.0023120842108716373,11,0.0011319253683877016,4,39,0.9995290471203141,29,0.0003321654400858424,17,0.00009247805841512063,11,0.00004630938118492154,4,39,0.9963680546261309,29,0.002585442916634294,17,0.0006997527335602902,11,0.00034674972367455863,4,39,0.9824512896565092,29,0.012835657853540853,17,0.003182900448217146,11,0.0015301520417327957,4,39,0.9453117210247326,29,0.04251845766800788,17,0.008408079002570564,11,0.0037617423046890997,4,39,0.82609120518761,29,0.1513642731832153,17,0.0163165484298859,11,0.0062279731992888375,4,39,0.5881052183396238,29,0.38612277369864073,17,0.019528934356588177,11,0.006243073605147319,4,29,0.5935216644808721,39,0.37381858303562643,17,0.02603180523431656,11,0.006627947249184958,4,29,0.79992838647703,39,0.12975083390482242,17,0.059643707014198584,11,0.01067707260394906,4,29,0.7335480859799972,17,0.18516126083734333,39,0.06230053272958276,11,0.01899012045307667,4,17,0.4993018441306435,29,0.4388306653252313,11,0.03175270860291706,39,0.03011478194120827,4,17,0.6345148685060618,29,0.1844667737372759,11,0.15281707534647213,39,0.02820128241019011,4,4,0.04619349264049367,17,0.5182388522104786,11,0.33414665887911155,29,0.10142099626991621,4,4,0.09445447632885094,11,0.47620097372291154,17,0.3735375356607778,29,0.05580701428745977,4,4,0.24787551979495676,11,0.5453158237024537,17,0.17114458486282658,29,0.03566407163976308,4,4,0.4594271724837662,11,0.45664510471133807,17,0.06453815207602924,29,0.01938957072886648,3,4,0.88,11,0.1,29,0.02,2,4,0.99,29,0.01,4,4,0.9120443471118309,11,0.05728888443996295,17,0.020110048492422605,29,0.010556719955783585,4,4,0.4260471459832136,11,0.47165186081709726,17,0.08010866058554537,29,0.022192332614143877,4,4,0.4392220177767306,11,0.44626605691168714,17,0.09034723067994968,29,0.024164694631632677,4,4,0.4499770722570102,11,0.4493233362895716,17,0.07746601415519688,29,0.023233577298221297,4,4,0.49621127424012684,11,0.4315631162101026,17,0.054508871334727656,29,0.017716738215043028,4,4,0.3719142511551339,11,0.49932033878253157,17,0.10268438507803129,29,0.026081024984303276,4,4,0.06675481537163334,17,0.4368729469982558,11,0.42472850526846,29,0.07164373236165085,4,4,0.03723468779441797,17,0.4645991811621971,11,0.4621903686002767,29,0.03597576244310831,4,4,0.09239667259334892,11,0.5051417385623295,17,0.3652927068987364,29,0.03716888194558528,4,4,0.12496518241523107,11,0.5104815158167898,17,0.31456289194184234,29,0.049990409826136825,4,4,0.0549234971801572,17,0.47201326489910583,11,0.3890296671893463,29,0.08403357073139066,4,4,0.03128571542855275,17,0.4736756589789548,11,0.4498017633280113,29,0.045236862264481065,4,29,0.5332698246331969,17,0.41580038185406604,39,0.026346828693855545,11,0.02458296481888138,4,29,0.5065520376707573,17,0.4295050017238333,39,0.036446940061707345,11,0.027496020543701944,4,17,0.5380813333989108,29,0.38712096758567893,11,0.04502032974150838,39,0.029777369273901948,4,29,0.4884293142753354,17,0.4569095397848921,11,0.03093628978837357,39,0.023724856151398913,4,17,0.5370424618448549,29,0.37925665832928274,11,0.05776186263975203,39,0.025939017186110403,4,17,0.5682979074807915,29,0.344623468099747,11,0.05707962476579051,39,0.029998999653670918,4,29,0.557154658602803,17,0.3872966775186378,39,0.03165427998314272,11,0.023894383895416482,4,29,0.5725464008895113,17,0.35926672326317305,39,0.04280686218445572,11,0.02538001366286002,4,29,0.5290650429754591,39,0.44141459206116185,17,0.023232725211826642,11,0.006287639751552408,4,29,0.4991099894348852,39,0.4782588710599892,17,0.01776331560995034,11,0.004867823895175422,4,29,0.6790772730140775,39,0.2787345999714313,17,0.034219429109705046,11,0.007968697904786206,4,29,0.599093285883023,39,0.36210796084772595,17,0.031227856377435068,11,0.007570896891816038,4,29,0.49177866701586787,39,0.48043734649035397,17,0.02161711770888267,11,0.006166868784895547,4,39,0.49070592173901856,29,0.49050219072092677,17,0.01460003449993002,11,0.0041918530401246845,4,39,0.521206427719953,29,0.4525244319068086,17,0.020171750609333173,11,0.0060973897639052775,4,39,0.49627195606885816,29,0.485723943859674,17,0.01383678117273286,11,0.004167318898735021,4,39,0.6527965015398138,29,0.3215762155510174,17,0.019209535025245014,11,0.006417747883923782,4,39,0.6272785597345637,29,0.35260366931954706,17,0.015087523911509726,11,0.005030247034379658],"type":"mesh","transform":{"skY":-117.3918,"y":42.5598,"skX":-117.3918,"x":-47.1671},"width":95,"slotPose":[0.9999989260183715,-0.0014655927482576936,0.0014655927482576936,0.9999989260183715,204.5221914008321,-207.63574895977797],"name":"Rat/Tail"}],"name":"Tail"},{"display":[{"path":"Rat/F_HAND","type":"image","name":"Rat/F_HAND","transform":{"skY":-85.0381,"y":-30.0967,"skX":-85.0381,"x":-0.089}}],"name":"F_HAND"},{"display":[{"path":"Rat/Spike","type":"image","name":"Rat/Spike","transform":{"skY":-8.8215,"y":-20.0056,"skX":-8.8215,"x":-11.6014}}],"name":"Spike"},{"display":[{"bonePose":[2,-0.7926398053509339,0.6096901991776099,-0.6096901991776102,-0.7926398053509337,156.2,-265.15,9,0.7071067811865471,0.7071067811865481,-0.7071067811865482,0.7071067811865467,63.05,-193.50000000000006,25,-0.4961389383568334,0.8682431421244592,-0.8682431421244596,-0.4961389383568334,106.04999999999998,-151.9],"height":182,"vertices":[33.5,-87.55,19.2,-84.75,8.5,-81.95,-3.5,-78,-16.15,-71.65,-30.05,-62.9,-41.15,-53,-51.55,-42.65,-61.05,-28.75,-69.35,-14.85,-74.55,-0.55,-76.5,11.75,-73.4,24.45,-65.85,34,-57.85,40.75,-48.75,44.35,-40.75,46.7,-36.8,48.7,-36.6,50.3,-38,52.45,-42.65,56.45,-47.25,60.85,-50.7,65.8,-54.05,71.5,-55.65,76.35,-55.85,80.1,-51.85,80,-45.9,78.95,-39.45,76.55,-31.95,73.15,-25.25,69.25,-21.6,66.45,-23.85,71.1,-25.95,75.4,-28.9,81.4,-30.55,87,-30.6,90.05,-29.65,90.65,-24.85,88.75,-17.85,83.55,-11.8,78.2,-6.55,72.8,-1.8,67,1.5,62.3,4,55.7,4.95,49.65,4.4,43.55,1.4,37.65,-4.4,31.9,-9.85,27.05,-15.45,22.85,-20.4,19.3,-23.65,16.05,-24.85,12.6,-23.45,9.4,-20.85,7.15,-15.9,5.65,-6.95,4.25,1.8,3.45,8.95,2.3,19.8,0.1,30.8,-2.35,42.6,-6.95,52.1,-11.7,58.8,-16.85,66,-24.4,70.65,-31.7,74.5,-41.6,76.35,-51.2,76.5,-59.8,74.9,-67.65,72.45,-78.55,70.85,-84.55,67.15,-88.1,61.35,-90.5,51,-91,40.7,-88.95,-72.17,-7.1,-75.5,5.45,-75.03,17.76,-69.21,29.75,-61.29,11.05,4.67,46.54,-20.15,50.31],"triangles":[70,76,69,69,76,68,76,0,68,0,67,68,71,75,70,75,76,70,0,66,67,0,1,64,0,64,65,0,65,66,72,73,71,73,74,71,74,75,71,1,63,64,1,62,63,2,61,62,1,2,62,2,3,60,2,60,61,4,59,60,3,4,60,4,5,58,4,58,59,5,57,58,5,6,57,6,56,57,6,7,56,82,83,45,45,83,44,83,43,44,46,47,82,47,83,82,7,55,56,83,42,43,48,83,47,31,41,42,83,31,42,7,8,55,49,83,48,31,40,41,31,32,40,50,83,49,51,17,50,17,83,50,33,39,40,32,33,40,16,17,51,8,54,55,9,81,8,8,81,54,19,31,83,18,19,83,52,16,51,33,34,39,34,38,39,15,16,52,19,30,31,17,18,83,34,35,38,20,29,30,19,20,30,81,53,54,53,81,52,81,15,52,35,37,38,81,14,15,20,21,29,36,37,35,21,28,29,81,13,14,21,22,28,9,77,81,22,27,28,22,23,27,80,13,81,23,26,27,23,24,26,24,25,26,77,10,81,12,80,81,10,78,81,79,12,81,11,79,81,78,11,81],"userEdges":[],"path":"Rat/B_hand","uvs":[0.71895,0.01896,0.62549,0.03434,0.55556,0.04973,0.47712,0.07143,0.39444,0.10632,0.30359,0.1544,0.23105,0.20879,0.16307,0.26566,0.10098,0.34203,0.04673,0.41841,0.01275,0.49698,0,0.56456,0.02026,0.63434,0.06961,0.68681,0.1219,0.7239,0.18137,0.74368,0.23366,0.75659,0.25948,0.76758,0.26078,0.77637,0.25163,0.78819,0.22124,0.81016,0.19118,0.83434,0.16863,0.86154,0.14673,0.89286,0.13627,0.91951,0.13497,0.94011,0.16111,0.93956,0.2,0.93379,0.24216,0.9206,0.29118,0.90192,0.33497,0.88049,0.35882,0.86511,0.34412,0.89066,0.33039,0.91429,0.31111,0.94725,0.30033,0.97802,0.3,0.99478,0.30621,0.99808,0.33758,0.98764,0.38333,0.95907,0.42288,0.92967,0.45719,0.9,0.48824,0.86813,0.5098,0.84231,0.52614,0.80604,0.53235,0.7728,0.52876,0.73929,0.50915,0.70687,0.47124,0.67527,0.43562,0.64863,0.39902,0.62555,0.36667,0.60604,0.34542,0.58819,0.33758,0.56923,0.34673,0.55165,0.36373,0.53929,0.39608,0.53104,0.45458,0.52335,0.51176,0.51896,0.5585,0.51264,0.62941,0.50055,0.70131,0.48709,0.77843,0.46181,0.84052,0.43571,0.88431,0.40742,0.93137,0.36593,0.96176,0.32582,0.98693,0.27143,0.99902,0.21868,1,0.17143,0.98954,0.1283,0.97353,0.06841,0.96307,0.03544,0.93889,0.01593,0.90098,0.00275,0.83333,0,0.76601,0.01126,0.02832,0.46097,0.00653,0.52995,0.00959,0.59758,0.04764,0.66345,0.09942,0.56069,0.53052,0.75572,0.36833,0.77641],"edges":[0,1,1,2,2,3,3,4,4,5,5,6,6,7,7,8,8,9,13,14,14,15,15,16,16,17,17,18,18,19,19,20,20,21,21,22,22,23,23,24,24,25,25,26,26,27,27,28,28,29,29,30,30,31,31,32,32,33,33,34,34,35,35,36,36,37,37,38,38,39,39,40,40,41,41,42,42,43,43,44,44,45,46,47,47,48,48,49,49,50,50,51,51,52,52,53,53,54,54,55,55,56,56,57,57,58,58,59,59,60,60,61,61,62,62,63,63,64,64,65,65,66,66,67,67,68,68,69,69,70,70,71,71,72,72,73,73,74,74,75,75,76,76,0,9,77,77,10,10,78,78,11,11,79,79,12,12,80,80,13,45,82,82,46],"weights":[2,2,0.96,9,0.04,2,2,0.9500000000000001,9,0.06,2,2,0.92,9,0.09,2,2,0.88,9,0.13,3,2,0.7449411205791742,9,0.16656457177731154,25,0.08849430764351428,3,2,0.6796103413164014,9,0.2228328911284851,25,0.0975567675551134,3,2,0.6265688149028139,9,0.2763458219748639,25,0.09708536312232213,3,2,0.5701615429671304,9,0.33898622626598174,25,0.09085223076688782,3,2,0.5153913585950153,9,0.41113983698674034,25,0.07346880441824431,3,2,0.47555545355759216,9,0.47034827072401025,25,0.0540962757183976,3,2,0.47558730946330807,9,0.4840408241576364,25,0.04037186637905554,3,2,0.4698678372384828,9,0.4872877578650674,25,0.04284440489644964,3,2,0.4605392731159246,9,0.48062581020496414,25,0.05883491667911132,3,2,0.42636997618486244,9,0.48214957915518203,25,0.09148044465995542,3,2,0.33179092411710154,9,0.5294626203830095,25,0.1387464554998889,3,2,0.2149249331669156,9,0.6077254476320673,25,0.1773496192010171,3,2,0.12138276548691573,9,0.6728281893318793,25,0.20578904518120497,3,2,0.08614180194582517,9,0.6744196585830355,25,0.23943853947113922,3,2,0.0858729595835645,9,0.6358085088342381,25,0.2783185315821973,3,2,0.09680739119758003,9,0.5711892997950634,25,0.3320033090073566,3,2,0.12574434653559743,9,0.4651716571695539,25,0.4090839962948486,3,2,0.1431178298458665,25,0.47144245919791544,9,0.38543971095621815,3,2,0.1419849920677867,25,0.537464082663634,9,0.32055092526857926,3,2,0.13362818345586513,25,0.6004324787408778,9,0.265939337803257,3,2,0.12344974779078277,25,0.6419759505234556,9,0.23457430168576174,3,2,0.11311110196612571,25,0.6725165170768996,9,0.21437238095697475,3,2,0.08988051163410934,25,0.7191218339585915,9,0.1909976544072991,3,2,0.05878423287929136,25,0.7885830284111581,9,0.15263273870955038,3,2,0.03320718381332526,25,0.8529813811395264,9,0.11381143504714837,3,2,0.01475226464791104,25,0.906895562029227,9,0.0783521733228619,3,2,0.004653222338115219,25,0.9514384429218056,9,0.04390833474007905,3,2,0.0018033130435312838,25,0.9711744357639825,9,0.027022251192486052,3,2,0.0012592882588797786,25,0.9863810280282791,9,0.012359683712840986,3,2,0.000872811863169537,25,0.9927445178898421,9,0.006382670246988438,3,2,0.000488887832676481,25,0.9968937818778544,9,0.002617330289469208,3,2,0.004988551665449488,25,0.972686580423327,9,0.022324867911223477,3,2,0.009936137685655664,25,0.9479364549319607,9,0.0421274073823837,3,2,0.010344485554095912,25,0.9447562727643801,9,0.04489924168152397,3,2,0.006879326031648008,25,0.9561582877976021,9,0.03696238617074984,3,2,0.011100682487847692,25,0.8962122461459132,9,0.09268707136623902,3,2,0.016189896576939897,25,0.7539408841037558,9,0.22986921931930426,3,2,0.016413871327516774,25,0.5452458119730368,9,0.4383403166994464,3,2,0.012555133467751238,9,0.6528967766209504,25,0.3345480899112984,3,2,0.011718573975000422,9,0.710259796713796,25,0.27802162931120344,3,2,0.01567359126431506,9,0.6320497717294281,25,0.3522766370062568,3,2,0.025149345202480196,9,0.5335768399098516,25,0.4412738148876682,3,2,0.040774142109275525,25,0.49344198395662164,9,0.4657838739341027,3,2,0.06101669738319778,25,0.49000839562349713,9,0.44897490699330517,3,2,0.09148352132387019,9,0.49041207349543103,25,0.4181044051806989,3,2,0.136225459963716,9,0.5456033217390613,25,0.3181712182972226,3,2,0.192163238531395,9,0.5862400581431672,25,0.221596703325438,3,2,0.2576985771106587,9,0.591240140185844,25,0.15106128270349722,3,2,0.344671547086512,9,0.544115859918768,25,0.11121259299472,3,2,0.46809341072436733,9,0.44214633716587526,25,0.08976025210975729,3,2,0.5840216448711434,9,0.33371544645720536,25,0.0822629086716511,3,2,0.6458253719225235,9,0.2710559996147643,25,0.08311862846271217,3,2,0.6550332896257941,9,0.2441783014314545,25,0.1007884089427515,3,2,0.6286656910598227,9,0.2315573830291097,25,0.13977692591106763,3,2,0.5952704596821045,9,0.22887741922131763,25,0.17585212109657788,3,2,0.5850378275887468,9,0.22200652975731383,25,0.19295564265393947,3,2,0.5841848587150328,9,0.21174127389890807,25,0.2040738673860591,2,2,0.76,9,0.25,2,2,0.77,9,0.23,2,2,0.8,9,0.2,2,2,0.8300000000000001,9,0.17,3,2,0.749881228637648,25,0.1261918715909017,9,0.12392689977145034,3,2,0.7952514420793516,25,0.10321364468901105,9,0.10153491323163724,3,2,0.8386090084102796,25,0.08120908651172323,9,0.080181905077997,2,2,0.9400000000000001,9,0.07,2,2,0.9500000000000001,9,0.06,1,2,1,2,2,0.9500000000000001,9,0.05,2,2,0.9400000000000001,9,0.06,2,2,0.9400000000000001,9,0.06,2,2,0.96,9,0.05,2,2,0.96,9,0.05,2,2,0.96,9,0.04,3,2,0.4764748764648954,9,0.4794096781653541,25,0.044115445369750414,3,2,0.4736996644605702,9,0.48733276606775644,25,0.03896756947167324,3,2,0.4667479325335417,9,0.4871341786943487,25,0.04611788877210957,3,2,0.4524885913520306,9,0.47508704496940507,25,0.07242436367856434,3,2,0.47047627628250643,9,0.5221550300754014,25,0.007368693642092077,3,2,0.03175774202162647,9,0.4928814727784548,25,0.47536078519991865,3,2,0.005334978773095152,9,0.8391245726694506,25,0.1555404485574543],"type":"mesh","transform":{"skY":-119.8289,"y":17.0719,"skX":-119.8289,"x":-50.9831},"width":153,"slotPose":[0.9999989260183715,-0.0014655927482928877,0.0014655927482931097,0.9999989260183715,116.52219140083218,-204.63574895977794],"name":"Rat/B_hand"}],"name":"B_hand"}]}],"aabb":{"width":964.7741194319868,"y":-935.2162104540408,"height":913.8184676740566,"x":-395.97780859916776},"slot":[{"color":{},"name":"B_Wing","parent":"B_Wing3"},{"z":1,"color":{},"name":"Spike","parent":"Spike2"},{"z":2,"color":{},"name":"B_Leg","parent":"B_Leg2"},{"z":3,"color":{},"name":"B_Eye","parent":"B_Eye"},{"z":4,"color":{},"name":"B_Eyeball","parent":"B_Eyeball"},{"z":5,"color":{},"name":"Tail","parent":"Tail3"},{"z":6,"color":{},"name":"Back_Hand","parent":"Back_Hand1"},{"z":7,"color":{},"name":"Jaw","parent":"Jaw"},{"z":8,"color":{},"name":"Lower_body","parent":"Lower_body1"},{"z":9,"color":{},"name":"Upper_Body","parent":"Upper_Body2"},{"z":10,"color":{},"name":"F_Wing","parent":"F_Wing2"},{"z":11,"color":{},"name":"F_Ear","parent":"F_Ear1"},{"z":12,"color":{},"name":"B_hand","parent":"B_hand2"},{"z":13,"color":{},"name":"F_eye","parent":"F_eye"},{"z":14,"color":{},"name":"F_eye_ball","parent":"F_eye_ball"},{"z":15,"color":{},"name":"F_HAND","parent":"F_HAND1"},{"z":16,"color":{},"name":"Back_Ear","parent":"Back_Ear1"},{"z":17,"color":{},"name":"Mouth","parent":"Mouth"}],"bone":[{"name":"root","transform":{}},{"length":169,"transform":{"skY":-38.1211,"y":-227.9,"skX":-38.1211,"x":18.6},"parent":"root","name":"Lower_body"},{"length":117,"transform":{"skY":-179.446,"y":55.6392,"skX":-179.446,"x":131.2463},"parent":"Lower_body","name":"B_hand"},{"length":78,"transform":{"skY":162.6937,"y":-30.3359,"skX":162.6937,"x":14.7159},"parent":"Lower_body","name":"B_Leg"},{"length":84,"transform":{"skY":114.3327,"y":39.0321,"skX":114.3327,"x":209.8677},"parent":"Lower_body","name":"Tail"},{"length":103,"transform":{"skY":-88.411,"y":-0.8951,"skX":-88.411,"x":168.2997},"parent":"Lower_body","name":"Lower_body1"},{"length":100,"transform":{"skY":23.2922,"y":-124.3842,"skX":23.2922,"x":236.0924},"parent":"Lower_body","name":"Spike"},{"length":75,"transform":{"skY":46.8586,"y":-7.8449,"skX":46.8586,"x":243.0293},"parent":"Lower_body","name":"Spike2"},{"length":171,"transform":{"skY":-19.3882,"skX":-19.3882,"x":103.4818},"parent":"Lower_body1","name":"Upper_Body"},{"length":66,"transform":{"skY":-97.4329,"skX":-97.4329,"x":117.5187},"parent":"B_hand","name":"B_hand1"},{"length":60,"transform":{"skY":-79.5726,"y":-0.3711,"skX":-79.5726,"x":76.3162},"parent":"B_Leg","name":"B_Leg1"},{"length":50,"transform":{"skY":6.008,"skX":6.008,"x":84.1243},"parent":"Tail","name":"Tail1"},{"length":259,"transform":{"skY":-71.6965,"y":-1.0306,"skX":-71.6965,"x":102.5803},"parent":"Spike","name":"F_Wing"},{"length":78,"transform":{"skY":138.1675,"y":7.7459,"skX":138.1675,"x":-9.5982},"parent":"F_Wing","name":"Spike1"},{"length":94,"transform":{"skY":-62.2219,"skX":-62.2219,"x":171.3231},"parent":"Upper_Body","name":"Upper_Body1"},{"length":65,"transform":{"skY":47.0573,"y":32.9151,"skX":47.0573,"x":186.649},"parent":"Upper_Body","name":"Back_Ear"},{"length":62,"transform":{"skY":74.749,"y":105.7574,"skX":74.749,"x":50.7819},"parent":"Upper_Body","name":"F_Ear"},{"length":47,"transform":{"skY":18.9223,"skX":18.9223,"x":50.334},"parent":"Tail1","name":"Tail2"},{"length":203,"transform":{"skY":88.8242,"y":62.2971,"skX":88.8242,"x":189.2618},"parent":"Upper_Body","name":"B_Wing"},{"length":97,"transform":{"skY":50.0323,"y":-93.9366,"skX":50.0323,"x":74.8716},"parent":"Upper_Body","name":"F_eye"},{"length":84,"transform":{"skY":100.222,"y":-108.9514,"skX":100.222,"x":296.5854},"parent":"Upper_Body","name":"B_Eye"},{"length":144,"transform":{"skY":-51.4337,"y":-105.9864,"skX":-51.4337,"x":33.8796},"parent":"Upper_Body","name":"Jaw"},{"length":352,"transform":{"skY":69.2644,"y":1.2746,"skX":69.2644,"x":262.8103},"parent":"F_Wing","name":"F_Wing1"},{"length":66,"transform":{"skY":-86.96,"y":-36.2168,"skX":-86.96,"x":-53.9009},"parent":"Upper_Body","name":"F_HAND"},{"length":65,"transform":{"skY":-103.646,"y":-152.0986,"skX":-103.646,"x":89.1899},"parent":"Upper_Body","name":"Back_Hand"},{"length":34,"transform":{"skY":74.7449,"y":-0.9899,"skX":74.7449,"x":59.8212},"parent":"B_hand1","name":"B_hand2"},{"length":36,"transform":{"skY":70.6184,"y":-1.0253,"skX":70.6184,"x":53.7755},"parent":"B_Leg1","name":"B_Leg2"},{"length":48,"transform":{"skY":-42.1655,"skX":-42.1655,"x":66.5306},"parent":"F_HAND","name":"F_HAND1"},{"length":109,"transform":{"skY":-119.9076,"y":-2.3359,"skX":-119.9076,"x":3.6102},"parent":"B_Wing","name":"B_Wing3"},{"length":50,"transform":{"skY":13.2862,"y":-0.6905,"skX":13.2862,"x":50.0232},"parent":"Tail2","name":"Tail3"},{"length":67,"transform":{"skY":11.2843,"skX":11.2843,"x":65.2289},"parent":"Back_Ear","name":"Back_Ear1"},{"length":310,"transform":{"skY":-75.6576,"skX":-75.6576,"x":203.1365},"parent":"B_Wing","name":"B_Wing1"},{"length":274,"transform":{"skY":62.4675,"y":20.99,"skX":62.4675,"x":14.4736},"parent":"F_Wing1","name":"F_Wing2"},{"length":196,"transform":{"skY":-6.4645,"skX":-6.4645,"x":94.2412},"parent":"Upper_Body1","name":"Upper_Body2"},{"length":32,"transform":{"skY":-49.3096,"skX":-49.3096,"x":65.7363},"parent":"Back_Hand","name":"Back_Hand1"},{"length":61,"transform":{"skY":11.9359,"skX":11.9359,"x":62.1244},"parent":"F_Ear","name":"F_Ear1"},{"length":43,"transform":{"skY":3.4042,"y":-16.8561,"skX":3.4042,"x":52.9586},"parent":"F_eye","name":"F_eye_ball"},{"length":35,"transform":{"skY":-4.0652,"y":14.9825,"skX":-4.0652,"x":28.2452},"parent":"B_Eye","name":"B_Eyeball"},{"length":207,"transform":{"skY":-59.1775,"y":-15.1186,"skX":-59.1775,"x":23.7148},"parent":"B_Wing1","name":"B_Wing2"},{"length":59,"transform":{"skY":14.8681,"skX":14.8681,"x":50.025},"parent":"Tail3","name":"bone"},{"length":63,"transform":{"skY":0.7907,"y":-14.1418,"skX":0.7907,"x":170.1943},"parent":"Upper_Body2","name":"Mouth"}],"name":"Armature","frameRate":24}],"isGlobal":0,"name":"RatAttack","version":"5.5"}