{"width":1024,"height":2048,"name":"RatIdle","imagePath":"RatIdle_tex.png","SubTexture":[{"width":299,"y":1,"height":502,"name":"Rat/B_Wing","x":491},{"y":1,"frameY":-75,"frameWidth":189,"width":189,"frameX":0,"frameHeight":324,"height":249,"name":"Rat/Spike","x":792},{"width":148,"y":950,"height":182,"name":"Rat/B_Leg","x":1},{"width":156,"y":950,"height":144,"name":"Rat/B_Eye","x":151},{"width":59,"y":252,"height":59,"name":"Rat/B_Eyeball","x":947},{"width":95,"y":777,"height":300,"name":"Rat/Tail","x":314},{"width":105,"y":825,"height":135,"name":"Rat/Back_Hand","x":660},{"width":311,"y":777,"height":171,"name":"Rat/Jaw","x":1},{"width":289,"y":505,"height":318,"name":"Rat/Lower_body","x":510},{"width":507,"y":505,"height":270,"name":"Rat/Upper_Body","x":1},{"width":488,"y":1,"height":438,"name":"Rat/F_Wing","x":1},{"width":145,"y":436,"height":152,"name":"Rat/F_Ear","x":801},{"width":153,"y":252,"height":182,"name":"Rat/B_hand","x":792},{"width":147,"y":752,"height":136,"name":"Rat/F_eye","x":801},{"width":58,"y":313,"height":59,"name":"Rat/F_eye_ball","x":947},{"width":104,"y":929,"height":135,"name":"Rat/F_HAND","x":411},{"width":132,"y":590,"height":160,"name":"Rat/Back_Ear","x":801},{"width":247,"y":825,"height":102,"name":"Rat/Mouth","x":411}]}